time,open,high,low,close,Volume,Volume MA
1970-01-01T14:30:00Z,809.2,819.23,739.11,744.06,221090000,11054500
1970-02-02T14:30:00Z,744.06,784.19,738.78,777.59,228380000,22473500
1970-03-02T14:30:00Z,777.59,803.26,757.99,785.57,212880000,33117500
1970-04-01T14:30:00Z,785.57,798.84,716.74,736.07,223120000,44273500
1970-05-01T13:30:00Z,736.07,740.76,627.46,700.44,258220000,57184500
1970-06-01T13:30:00Z,700.44,728.23,674.9,683.53,226420000,68505500
1970-07-01T13:30:00Z,683.53,743.36,665.32,734.12,227740000,79892500
1970-08-03T13:30:00Z,734.12,772.04,702.83,764.58,218690000,90827000
1970-09-01T13:30:00Z,764.58,778.27,741.51,760.68,303290000,105991500
1970-10-01T13:30:00Z,760.68,791.07,746.71,755.61,261370000,119060000
1970-11-02T14:30:00Z,755.61,797.51,749.52,794.09,230290000,130574500
1970-12-01T14:30:00Z,794.09,848.23,787.45,838.92,335240000,147336500
1971-01-01T14:30:00Z,838.92,873.84,826.53,868.5,348490000,164761000
1971-02-01T14:30:00Z,868.5,898.14,861.99,878.83,371190000,183320500
1971-03-01T14:30:00Z,878.83,922.3,873.22,904.37,389880000,202814500
1971-04-01T14:30:00Z,904.37,958.12,897.48,941.75,401580000,222893500
1971-05-03T13:30:00Z,941.75,948.85,898.61,907.81,307360000,238261500
1971-06-01T13:30:00Z,907.81,929.6,866.31,891.14,303590000,253441000
1971-07-01T13:30:00Z,891.14,908.81,854.41,858.43,265240000,266703000
1971-08-02T13:30:00Z,858.43,917.79,834.92,898.07,320520000,282729000
1971-09-01T13:30:00Z,898.07,925.67,877.48,887.19,252720000,284310500
1971-10-01T13:30:00Z,887.19,910.56,827.83,839,280080000,286895500
1971-11-01T14:30:00Z,839,855.21,790.67,831.34,276410000,290072000
1971-12-01T14:30:00Z,831.34,902.47,831.12,890.2,377680000,297800000
1972-01-03T14:30:00Z,890.2,923.99,882.75,902.17,379490000,303863500
1972-02-01T14:30:00Z,902.17,933.25,894.34,928.13,376260000,311355500
1972-03-01T14:30:00Z,928.13,957.03,924.14,940.7,403650000,320151000
1972-04-03T14:30:00Z,940.7,977.72,933.62,954.17,367990000,327616000
1972-05-01T13:30:00Z,954.17,979.46,917.37,960.72,335850000,329244000
1972-06-01T13:30:00Z,960.72,967.72,917.75,929.03,314510000,331901000
1972-07-03T13:30:00Z,929.03,955.45,900.06,924.74,288900000,334831500
1972-08-01T13:30:00Z,924.74,980.36,922.03,963.73,356930000,335916000
1972-09-01T13:30:00Z,963.73,977.35,927.15,953.27,246190000,330801000
1972-10-02T13:30:00Z,953.27,964.1,917.07,955.52,317300000,328106500
1972-11-01T14:30:00Z,955.52,1029.73,955.3,1018.21,405570000,328891000
1972-12-01T14:30:00Z,1018.21,1042.44,996.09,1020.02,344730000,326048500
1973-01-01T14:30:00Z,1022.88,1067.2,988.11,999.02,393750000,330368000
1973-02-01T14:30:00Z,999.02,1019.94,938.82,955.07,318190000,331098000
1973-03-01T14:30:00Z,955.07,985.25,911.12,951.01,343400000,335006000
1973-04-02T14:30:00Z,951.01,975.32,907.51,921.43,277990000,332879500
1973-05-01T13:30:00Z,921.43,965.16,875.45,901.41,337260000,337106500
1973-06-01T13:30:00Z,901.41,935.58,864.46,891.71,268700000,336537500
1973-07-02T13:30:00Z,890.2,944.08,863.94,926.4,307780000,338106000
1973-08-01T13:30:00Z,924.37,924.37,845.5,887.57,274460000,332945000
1973-09-03T13:30:00Z,887.57,964.55,873.34,947.1,329070000,330424000
1973-10-01T13:30:00Z,947.1,997.59,937.69,956.58,422900000,332756000
1973-11-01T14:30:00Z,956.58,963.8,810.36,822.25,399900000,332568500
1973-12-03T14:30:00Z,820.51,861.09,783.56,850.86,384380000,333388000
1974-01-01T14:30:00Z,850.86,890.38,816.57,855.55,363150000,334753000
1974-02-01T13:30:00Z,855.55,871.4,802.17,860.53,256810000,331868000
1974-03-01T13:30:00Z,860.53,904.02,841.76,846.68,309600000,332903000
1974-04-01T13:30:00Z,846.68,875.94,818.68,836.75,254270000,327770000
1974-05-01T13:30:00Z,836.75,870.38,788.8,802.17,275150000,329218000
1974-06-03T13:30:00Z,802.17,865.54,796.46,802.41,245340000,325620000
1974-07-01T13:30:00Z,802.41,811.95,751.13,757.43,274090000,319046000
1974-08-01T13:30:00Z,757.43,803.43,651.6,678.58,280100000,315814500
1974-09-02T13:30:00Z,678.58,686.48,598.8,607.87,280050000,310129500
1974-10-01T13:30:00Z,607.87,689.3,573.22,665.52,377100000,313075000
1974-11-01T14:30:00Z,665.52,692.82,599.81,618.66,286790000,310244500
1974-12-02T14:30:00Z,616.08,619.84,570.01,616.24,315150000,312102500
1975-01-01T14:30:00Z,619.13,717.3,619.13,703.69,432550000,316867000
1975-02-03T14:30:00Z,703.69,757.35,695.24,739.05,423640000,324614000
1975-03-03T13:30:00Z,739.05,796.93,731.46,768.15,453610000,331905500
1975-04-01T13:30:00Z,768.15,835.18,736.62,821.34,451350000,340750000
1975-05-01T13:30:00Z,821.34,868.58,807.96,832.29,457490000,347171000
1975-06-02T13:30:00Z,835.73,884.62,811.23,878.99,447000000,348376000
1975-07-01T13:30:00Z,878.99,888.85,819.15,831.51,441680000,350465000
1975-08-01T13:30:00Z,831.51,844.02,785.75,835.34,281470000,345319500
1975-09-01T13:30:00Z,835.34,849.03,789.66,793.88,275120000,340918000
1975-10-01T13:30:00Z,793.88,859.57,780.54,836.04,365540000,346354500
1975-11-03T14:30:00Z,836.04,865.79,821.08,860.67,318810000,346815000
1975-12-01T14:30:00Z,860.67,866.11,812.81,852.41,348970000,351550000
1976-01-01T14:30:00Z,852.41,985.99,848.63,975.28,635830000,369584000
1976-02-02T14:30:00Z,975.28,1002.83,946.16,972.61,596130000,387123500
1976-03-01T14:30:00Z,972.61,1018.03,964.18,999.45,529600000,399899000
1976-04-01T14:30:00Z,999.45,1017.71,963,996.85,392260000,405507000
1976-05-03T13:30:00Z,995.83,1015.82,955.84,975.23,355910000,409300000
1976-06-01T13:30:00Z,975.23,1012.93,951.7,1002.78,417230000,411306500
1976-07-01T13:30:00Z,1002.78,1017.93,974.2,984.64,393760000,416655000
1976-08-02T13:30:00Z,984.64,1004.74,954.12,973.74,346680000,418231500
1976-09-01T13:30:00Z,973.74,1026.26,971.24,990.19,414750000,417341500
1976-10-01T13:30:00Z,990.19,995.6,928.2,964.93,361390000,414229000
1976-11-01T14:30:00Z,964.93,971.99,917.89,947.22,381020000,410599500
1976-12-01T14:30:00Z,947.22,1006.82,942.24,1004.65,534550000,414759500
1977-01-03T14:30:00Z,1004.65,1007.81,944.9,954.37,501620000,416966000
1977-02-01T14:30:00Z,954.37,963.76,926.03,936.42,398440000,414538000
1977-03-01T14:30:00Z,936.42,971.58,914.15,919.13,434690000,414188500
1977-04-01T14:30:00Z,919.55,956.07,909.74,926.9,403060000,420268000
1977-05-02T13:30:00Z,931.22,949.46,892.55,898.66,425820000,427803000
1977-06-01T13:30:00Z,898.66,934.36,896.46,916.3,485150000,433783500
1977-07-01T13:30:00Z,916.3,927.84,878.81,890.07,452480000,440467000
1977-08-01T13:30:00Z,890.07,900.03,844.42,861.49,433650000,444701000
1977-09-01T13:30:00Z,861.49,879.76,830.3,847.11,383670000,432093000
1977-10-03T13:30:00Z,847.11,855.77,792.79,818.35,413470000,422960000
1977-11-01T14:30:00Z,816.01,850.05,794.53,829.7,494680000,421214000
1977-12-01T14:30:00Z,829.7,835.15,800.42,831.17,450970000,424149500
1978-01-02T14:30:00Z,830.47,830.47,759.44,769.92,428140000,427761000
1978-02-01T14:30:00Z,769.92,787.42,739.17,742.12,368600000,425329500
1978-03-01T14:30:00Z,742.12,777.81,736.75,757.36,497580000,430520500
1978-04-03T14:30:00Z,756.67,846.15,747.05,837.32,695600000,447966500
1978-05-01T13:30:00Z,837.32,865.64,813.84,840.61,775750000,466016500
1978-06-01T13:30:00Z,840.61,879.33,807.95,818.95,666290000,481261500
1978-07-03T13:30:00Z,818.95,866.34,800.94,862.27,541490000,489285000
1978-08-01T13:30:00Z,862.27,911.21,855.34,876.82,864950000,505805000
1978-09-01T13:30:00Z,876.82,917.27,850.92,865.82,672290000,514338500
1978-10-02T13:30:00Z,865.82,909.39,782.05,792.45,682340000,528533500
1978-11-01T14:30:00Z,805.53,831.69,779.11,799.03,514610000,532529500
1978-12-01T14:30:00Z,801.98,829.87,781.01,805.01,492440000,536998500
1979-01-01T14:30:00Z,805.01,865.04,798.51,839.22,615730000,546494000
1979-02-01T14:30:00Z,839.22,843.99,802.23,808.82,475710000,546022000
1979-03-01T14:30:00Z,808.82,876.99,807.26,862.18,649800000,555888000
1979-04-02T14:30:00Z,859.93,884.62,847.28,854.9,620650000,565238000
1979-05-01T13:30:00Z,854.9,863.22,815.14,822.33,623740000,577241500
1979-06-01T13:30:00Z,822.33,853.86,817.74,841.98,735710000,593353500
1979-07-02T13:30:00Z,840.61,857,818,846.42,680740000,602656500
1979-08-01T13:30:00Z,846.42,893.6,839.08,887.63,825050000,621360500
1979-09-03T13:30:00Z,887.63,902.13,857.85,878.58,713940000,635650500
1979-10-01T13:30:00Z,877.73,904.86,795.99,815.7,857930000,660117000
1979-11-01T14:30:00Z,815.7,838.57,792.24,822.35,653650000,667920500
1979-12-03T14:30:00Z,822.35,851.54,814.76,838.74,710210000,668651000
1980-01-01T14:30:00Z,838.74,897.88,809.05,875.84,1158240000,687775500
1980-02-01T14:30:00Z,875.84,918.17,847.27,863.14,956530000,702287500
1980-03-03T14:30:00Z,863.14,868.69,729.95,785.75,876450000,719035500
1980-04-01T14:30:00Z,785.75,818.52,751.37,817.06,674140000,709495000
1980-05-01T13:30:00Z,817.06,866.13,795.81,850.84,764920000,714126500
1980-06-02T13:30:00Z,850.84,896.33,840.7,867.92,829660000,721492500
1980-07-01T13:30:00Z,867.92,946.94,862.63,935.31,1021770000,746850500
1980-08-01T13:30:00Z,935.31,972.34,918.52,932.59,965660000,770511500
1980-09-01T13:30:00Z,932.59,980.72,918,932.42,1057710000,792610500
1980-10-01T13:30:00Z,932.42,987.3,911.59,924.48,1031790000,820414500
1980-11-03T14:30:00Z,924.48,1009.39,924.48,993.34,988110000,837330000
1980-12-01T14:30:00Z,991.13,991.13,895.45,963.98,1025650000,857580000
1981-01-01T14:30:00Z,963.98,1013.14,930.89,947.27,955520000,874169000
1981-02-02T14:30:00Z,947.09,980.88,923.89,974.58,816310000,878199000
1981-03-02T14:30:00Z,974.58,1021.81,955.7,1003.87,1174530000,902888500
1981-04-01T14:30:00Z,1003.87,1030.98,981.81,997.75,1123470000,917809500
1981-05-01T13:30:00Z,997.75,1005.22,956.69,991.75,905430000,927384000
1981-06-01T13:30:00Z,991.75,1023.02,972.7,976.88,1100970000,939536000
1981-07-01T13:30:00Z,976.88,978.98,918.66,952.34,953970000,954552000
1981-08-03T13:30:00Z,952.34,961.47,879.09,881.47,920550000,965069000
1981-09-01T13:30:00Z,881.47,892.41,807.45,849.98,959140000,955114000
1981-10-01T13:30:00Z,849.98,885.84,823.63,852.55,997560000,957165500
1981-11-02T14:30:00Z,855.97,892.8,834.57,888.98,987920000,962739000
1981-12-01T14:30:00Z,888.98,898.5,862.81,875,959470000,977005500
1982-01-01T14:30:00Z,875,887.38,832.56,871.09,968340000,987176500
1982-02-01T14:30:00Z,866.34,866.34,802.23,824.39,972190000,994303000
1982-03-01T14:30:00Z,824.39,840.66,786.16,822.77,1268690000,1006649000
1982-04-01T14:30:00Z,822.77,871.19,820.48,848.36,1136490000,1015190500
1982-05-03T13:30:00Z,848.36,876.52,815.55,819.55,1026460000,1013628000
1982-06-01T13:30:00Z,819.55,824.3,784.25,811.94,1110530000,1017565000
1982-07-01T13:30:00Z,811.94,843.8,787.39,808.59,1145190000,1025419000
1982-08-02T13:30:00Z,808.59,910.95,769.98,901.31,1672770000,1057775000
1982-09-01T13:30:00Z,901.31,951.16,888.7,896.25,1548040000,1087401000
1982-10-01T13:30:00Z,896.25,1046.08,892.02,991.07,2068560000,1150013500
1982-11-01T14:30:00Z,990.8,1072.01,983.71,1039.28,1857040000,1184139000
1982-12-01T14:30:00Z,1043.22,1074.32,988.59,1046.547,1682080000,1212069500
1983-01-03T14:30:00Z,1048.92,1100.07,1020.23,1075.69,1857600000,1259678000
1983-02-01T14:30:00Z,1076.88,1130.51,1051.78,1112.62,1615450000,1285402000
1983-03-01T14:30:00Z,1113.09,1152.09,1108.55,1129.93,1901920000,1332799500
1983-04-01T14:30:00Z,1129.84,1228.04,1104.68,1226.19,1786870000,1376115500
1983-05-02T13:30:00Z,1226.01,1240.52,1176.86,1200.08,1953130000,1425815000
1983-06-01T13:30:00Z,1200.08,1251.2,1180.89,1221.35,1973860000,1474630000
1983-07-01T13:30:00Z,1221.35,1252.9,1183.79,1199.21,1590170000,1504742500
1983-08-01T13:30:00Z,1199.82,1216.15,1156.45,1216.15,1706430000,1542090500
1983-09-01T13:30:00Z,1215.75,1264.74,1205.28,1233.12,1739810000,1580664000
1983-10-03T13:30:00Z,1232.42,1284.65,1219.82,1225.2,1794620000,1621785500
1983-11-01T14:30:00Z,1225.41,1291.67,1213.21,1276.01,1814610000,1649081500
1983-12-01T14:30:00Z,1275.81,1279.37,1236.38,1258.63,1848860000,1684700000
1984-01-02T14:30:00Z,1257.72,1291.87,1215.45,1220.57,2215660000,1744160000
1984-02-01T14:30:00Z,1220.79,1223.2,1117.88,1154.62,1932810000,1785274000
1984-03-01T14:30:00Z,1154.31,1191.48,1136.1,1164.26,1854920000,1820760500
1984-04-02T14:30:00Z,1165.2,1177.76,1120.39,1170.74,1717530000,1822998500
1984-05-01T13:30:00Z,1170.96,1188.23,1086.85,1104.84,1939550000,1842574000
1984-06-01T13:30:00Z,1105.17,1140.24,1082.05,1132.39,1812870000,1829789500
1984-07-02T13:30:00Z,1132.18,1136.15,1082.16,1115.28,1662200000,1820047500
1984-08-01T13:30:00Z,1115.72,1248.01,1115.39,1224.38,2526920000,1862289500
1984-09-03T13:30:00Z,1224.27,1244.15,1195.01,1206.71,1768660000,1857842500
1984-10-01T13:30:00Z,1206.71,1237.96,1161.44,1207.37,2110230000,1882581500
1984-11-01T14:30:00Z,1207.71,1244.14,1184.19,1188.93,1757280000,1875349500
1984-12-03T14:30:00Z,1189.16,1220.19,1157.46,1211.57,1781000000,1875056000
1985-01-01T14:30:00Z,1210.14,1300.02,1180.99,1286.76,2673710000,1911085000
1985-02-01T14:30:00Z,1285.56,1303.11,1268.88,1284,2194620000,1922123000
1985-03-01T14:30:00Z,1284.01,1305.87,1246.8,1266.78,2153090000,1950269000
1985-04-01T14:30:00Z,1267.01,1287.1,1250.11,1258.05,1981880000,1964041500
1985-05-01T13:30:00Z,1257.95,1316.87,1240.72,1315.41,2350340000,1994568000
1985-06-03T13:30:00Z,1315.19,1336.13,1288.42,1335.23,2117000000,2010687000
1985-07-01T13:30:00Z,1335.34,1367.61,1320.45,1347.44,2463070000,2043110000
1985-08-01T13:30:00Z,1348.9,1356.52,1306,1334.01,1923200000,2046827000
1985-09-02T13:30:00Z,1334.01,1341.4,1289.31,1328.62,1860160000,2029052000
1985-10-01T13:30:00Z,1327.61,1378.14,1319.89,1374.3,2543240000,2059573500
1985-11-01T14:30:00Z,1374.08,1483.03,1372.13,1472.12,2445370000,2089096000
1985-12-02T14:30:00Z,1472.25,1563.76,1453.44,1546.67,2804380000,2143438500
1986-01-01T14:30:00Z,1546.67,1577.29,1497.71,1570.98,2879010000,2190411500
1986-02-03T14:30:00Z,1571.1,1720.53,1568.81,1709.05,2899100000,2244723000
1986-03-03T14:30:00Z,1708.49,1841.24,1671.98,1818.61,3214600000,2322343000
1986-04-01T14:30:00Z,1818.37,1861.91,1718.15,1783.98,3240400000,2358017000
1986-05-01T13:30:00Z,1783.73,1895.2,1751.86,1876.7,2680240000,2403596000
1986-06-02T13:30:00Z,1876.21,1907.6,1823.47,1892.7,2649600000,2430564500
1986-07-01T13:30:00Z,1893.1,1922.7,1741.6,1775.3,3029900000,2494195500
1986-08-01T13:30:00Z,1778.7,1918.6,1730.6,1898.3,2701900000,2540240500
1986-09-01T13:30:00Z,1898.3,1933.4,1733,1767.6,3166300000,2564870000
1986-10-01T13:30:00Z,1792.3,1894.7,1761.3,1877.8,3016740000,2605976000
1986-11-03T14:30:00Z,1884.6,1926.5,1797.1,1914.2,2940830000,2645363000
1986-12-01T14:30:00Z,1888.2,1971.7,1880.5,1896,3260870000,2709312500
1987-01-01T14:30:00Z,1913.1,2214.6,1897.4,2158,4040880000,2793839500
1987-02-02T14:30:00Z,2163.1,2266.5,2134.4,2224,3485300000,2862254500
1987-03-02T14:30:00Z,2215,2399.6,2209.1,2304.7,3965100000,2937356000
1987-04-01T14:30:00Z,2297.4,2428.4,2180.5,2286.4,3931700000,3037781000
1987-05-01T13:30:00Z,2300.7,2380.8,2188.5,2291.6,3417700000,3115658000
1987-06-01T13:30:00Z,2297.2,2466,2260.6,2418.5,3595000000,3168246000
1987-07-01T13:30:00Z,2404,2588.3,2391.3,2572.1,3966400000,3244297500
1987-08-03T13:30:00Z,2565.1,2746.7,2526,2663,4062400000,3307198500
1987-09-01T13:30:00Z,2682,2695.5,2469,2596.3,3723200000,3349408000
1987-10-01T13:30:00Z,2622.9,2662.4,1616.2,1993.5,6094500000,3509178000
1987-11-02T14:30:00Z,1993.2,2027.5,1795.3,1833.6,3589520000,3527924000
1987-12-01T14:30:00Z,1852.1,2019.6,1733.9,1938.8,3926750000,3562241500
1988-01-01T14:30:00Z,1992.7,2075.3,1846,1958.2,3494700000,3602964500
1988-02-01T14:30:00Z,1963,2078.1,1878.2,2071.6,3693240000,3655146500
1988-03-01T14:30:00Z,2068.8,2110.9,1951.3,1988.1,4052960000,3706299500
1988-04-01T14:30:00Z,2004,2121.4,1968,2032.3,3260760000,3734242500
1988-05-02T13:30:00Z,2026.2,2072,1921.6,2031.1,3231370000,3737496000
1988-06-01T13:30:00Z,2044.5,2169.1,2021.3,2141.7,4306710000,3801994500
1988-07-01T13:30:00Z,2134.8,2169.5,2047.3,2128.7,3338470000,3821876500
1988-08-01T13:30:00Z,2128.2,2151.9,1978.7,2031.7,3327470000,3825206500
1988-09-01T13:30:00Z,2008.9,2140.3,1988.4,2112.9,3059450000,3776135000
1988-10-03T13:30:00Z,2094.8,2195.1,2082.3,2148.7,3415160000,3772628000
1988-11-01T14:30:00Z,2153.6,2186,2026.7,2114.5,2822820000,3715514000
1988-12-01T14:30:00Z,2111.1,2193.8,2075.4,2168.6,2844900000,3661174000
1989-01-02T14:30:00Z,2154.5,2350.2,2127.1,2342.3,3532220000,3666900000
1989-02-01T14:30:00Z,2345,2369.3,2232.1,2258.4,3216280000,3647964000
1989-03-01T14:30:00Z,2265,2351.1,2234.5,2293.6,3504530000,3624870500
1989-04-03T13:30:00Z,2298,2433.1,2282.1,2418.8,3237250000,3583613000
1989-05-01T13:30:00Z,2400.7,2521.6,2356.3,2480.2,3747320000,3584819000
1989-06-01T13:30:00Z,2484.7,2545,2412.9,2440.1,3966590000,3478423500
1989-07-03T13:30:00Z,2449.4,2668.3,2431.5,2660.7,3249030000,3461399000
1989-08-01T13:30:00Z,2658.2,2758.72,2619.7,2737.27,3949100000,3462516500
1989-09-01T13:30:00Z,2732.33,2768.23,2636.78,2692.82,3035030000,3439533000
1989-10-02T13:30:00Z,2692.82,2809.08,2496.92,2645,4012670000,3455504500
1989-11-01T14:30:00Z,2641.8,2718.2,2563.1,2706.2,3032160000,3404464500
1989-12-01T14:30:00Z,2712.8,2784.7,2658.7,2753.2,3213420000,3402097500
1990-01-01T14:30:00Z,2748.7,2834,2513.2,2590.5,3793250000,3430191500
1990-02-01T14:30:00Z,2594.1,2674.3,2540.9,2627.2,2962000000,3362956000
1990-03-01T14:30:00Z,2621.4,2775,2607.8,2706.9,3283280000,3360196500
1990-04-02T13:30:00Z,2682.4,2793.4,2627.7,2656.7,2801230000,3333884500
1990-05-01T13:30:00Z,2664.6,2908.2,2651.3,2876.6,3596680000,3360746000
1990-06-01T13:30:00Z,2900.9,2956.9,2821.5,2880.6,3226280000,3351302000
1990-07-02T13:30:00Z,2883.1,3024.2,2833.1,2905.4,3370320000,3378677000
1990-08-01T13:30:00Z,2909.9,2931.1,2459.4,2614.3,4014260000,3437145000
1990-09-03T13:30:00Z,2591.3,2665.3,2367.8,2452.4,2685400000,3394804000
1990-10-01T13:30:00Z,2471.2,2565.3,2344.3,2442.3,3670600000,3417520000
1990-11-01T14:30:00Z,2442.8,2581.1,2415.5,2560.4,3148240000,3399705500
1990-12-03T14:30:00Z,2568.3,2662.6,2534.6,2633.6,3116710000,3393678500
1991-01-01T14:30:00Z,2627.2,2747.2,2448.2,2736.4,3659100000,3389267500
1991-02-01T14:30:00Z,2735.4,2955.2,2697,2882.1,4297640000,3405820000
1991-03-01T14:30:00Z,2862.6,3017.8,2829.2,2913.9,4594304000,3473083700
1991-04-01T14:30:00Z,2902,3030.4,2848.5,2887.9,4626497000,3506953550
1991-05-01T13:30:00Z,2901.5,3044.5,2834.5,3027.5,4268525000,3568628300
1991-06-03T13:30:00Z,3023,3057.5,2883.7,2906.8,3887178000,3562353700
1991-07-01T13:30:00Z,2925.5,3039.6,2897.4,3024.8,3754825000,3598486950
1991-08-01T13:30:00Z,3022.8,3068.6,2836.3,3043.6,4198475000,3647739700
1991-09-02T13:30:00Z,3043.6,3061.1,2963.1,3016.77,3358604000,3626007400
1991-10-01T13:30:00Z,3016.77,3091.01,2925.54,3069.1,4087776000,3682296200
1991-11-01T14:30:00Z,3069.1,3091.91,2869.19,2894.68,3719470000,3704105700
1991-12-02T14:30:00Z,2893.11,3187.84,2839,3168.83,4145060000,3771297200
1992-01-01T14:30:00Z,3168.83,3299.42,3139.09,3223.39,5274080000,3855167200
1992-02-03T14:30:00Z,3223.39,3293.16,3208.18,3267.66,4246094800,3906157940
1992-03-02T14:30:00Z,3266.32,3299.42,3188.73,3235.46,3925727080,3933928294
1992-04-01T14:30:00Z,3235.47,3366.5,3161,3359.12,4309080300,3948669309
1992-05-01T13:30:00Z,3358.45,3420.21,3324.46,3396.88,3629765640,3995887591
1992-06-01T13:30:00Z,3397.39,3422.28,3254.05,3318.52,4210004000,4022857791
1992-07-01T13:30:00Z,3318.52,3402.96,3267.07,3393.78,4248251600,4077858371
1992-08-03T13:30:00Z,3393.78,3399.99,3207.37,3257.35,3643870900,4104216416
1992-09-01T13:30:00Z,3257.35,3376.49,3233.84,3271.66,3997413900,4121132111
1992-10-01T13:30:00Z,3271.66,3280.58,3095.79,3226.28,4476172700,4130058746
1992-11-02T14:30:00Z,3224.66,3308.41,3184.67,3305.16,4133750600,4107031076
1992-12-01T14:30:00Z,3305.16,3352.71,3248.16,3301.11,4831461960,4117279324
1993-01-01T14:30:00Z,3301.11,3320.83,3231.95,3310.03,5261224220,4166914285
1993-02-01T14:30:00Z,3310.03,3456.19,3267.07,3370.81,5358123200,4240461545
1993-03-01T14:30:00Z,3370.81,3482.12,3343.53,3435.11,5665618900,4336001240
1993-04-01T14:30:00Z,3435.11,3481.58,3363.79,3427.55,5751650010,4413659990.5
1993-05-03T13:30:00Z,3427.55,3565.07,3415.88,3527.43,4943983830,4492928982
1993-06-01T13:30:00Z,3527.15,3569.5,3462.66,3516.08,5462853700,4561682867
1993-07-01T13:30:00Z,3516.08,3583.9,3449.93,3539.47,5200561010,4635737417.5
1993-08-02T13:30:00Z,3538.08,3663.83,3536.96,3651.25,5443680100,4700668422.5
1993-09-01T13:30:00Z,3651.25,3655.72,3528.85,3555.12,5395434530,4706736149
1993-10-01T13:30:00Z,3555.12,3708.82,3554,3680.59,5834567921,4786159805.05
1993-11-01T14:30:00Z,3679.2,3718.04,3600.67,3683.95,5851539060,4882450404.05
1993-12-01T14:30:00Z,3683.95,3799.64,3683.95,3754.09,5542797980,4944136288.05
1994-01-03T14:30:00Z,3753.53,3985.67,3743.1,3978.36,6585479900,5091922001.05
1994-02-01T14:30:00Z,3976.39,3981.73,3826.68,3832.02,5838089280,5173326265.05
1994-03-01T14:30:00Z,3832.02,3895.94,3559.67,3635.96,7361184684,5328972919.25
1994-04-01T14:30:00Z,3635.39,3710.25,3520.8,3681.69,5724714810,5433015114.75
1994-05-02T13:30:00Z,3678.12,3773.1,3623.1,3758.37,5675353690,5516912104.25
1994-06-01T13:30:00Z,3758.06,3823.39,3610.4,3624.96,5839587450,5585082841.75
1994-07-01T13:30:00Z,3624.32,3770,3623.02,3764.5,4961113330,5626450978.25
1994-08-01T13:30:00Z,3762.88,3939.32,3736.66,3913.42,6392809380,5704518349.25
1994-09-01T13:30:00Z,3913.42,3954.89,3820.31,3843.19,6146334380,5748773857.25
1994-10-03T13:30:00Z,3842.51,3949.5,3748.31,3908.12,6331716230,5797453508.75
1994-11-01T14:30:00Z,3908.12,3908.12,3638.97,3739.22,6239954260,5826170276.75
1994-12-01T14:30:00Z,3739.22,3866.4,3655.11,3834.44,6345920350,5855883793.75
1995-01-02T14:30:00Z,3834.44,3936.72,3794.4,3843.86,6661213380,5941745271.25
1995-02-01T14:30:00Z,3841.5,4021.43,3831.41,4011.05,6329139150,5985059543.75
1995-03-01T14:30:00Z,4009.67,4198.5,3945.69,4157.69,7935659192,6121814452.85
1995-04-03T13:30:00Z,4157,4328.19,4155.27,4321.27,6320024191,6165631657.4
1995-05-01T13:30:00Z,4321.27,4465.14,4301.9,4465.14,7560981810,6273909021.4
1995-06-01T13:30:00Z,4465.14,4592.76,4407.04,4556.1,7550593590,6359710304.85
1995-07-03T13:30:00Z,4556.1,4746.85,4551.6,4708.47,7084225563,6421344630
1995-08-01T13:30:00Z,4708.47,4754.6,4570.76,4610.56,7134361460,6500922804
1995-09-01T13:30:00Z,4611.96,4816.54,4607.03,4789.08,6971567370,6520227177.5
1995-10-02T13:30:00Z,4789.08,4816.54,4660.47,4755.48,8032572110,6629951319
1995-11-01T14:30:00Z,4755.48,5143.1,4744.64,5074.5,7570272820,6640405725.8
1995-12-01T14:30:00Z,5090.8,5266.7,5016.7,5117.1,7392230000,6723781485.3
1996-01-01T14:30:00Z,5156.9,5433.2,5000.1,5395.3,9158240000,6897925800.8
1996-02-01T14:30:00Z,5395.3,5693.4,5319.4,5485.6,8715240000,7041708428.3
1996-03-01T14:30:00Z,5467.6,5755.86,5395.3,5587.14,1301871700,6858746346.8
1996-04-01T14:30:00Z,5587.14,5737.07,5382.66,5569.08,781510000,6578181377.8
1996-05-01T13:30:00Z,5569.08,5833.04,5327.74,5643.18,833330200,6312531168.8
1996-06-03T13:30:00Z,5643.18,5770.61,5559.69,5654.63,677617800,6029826247.3
1996-07-01T13:30:00Z,5654.63,5769.88,5170.11,5528.91,807553000,5758206184.3
1996-08-01T13:30:00Z,5528.91,5761.95,5507.83,5616.21,631997300,5472510031.8
1996-09-02T13:30:00Z,5616.21,5938.76,5550.37,5882.17,677072000,5173302962.8
1996-10-01T13:30:00Z,5882.17,6162.8,5833.72,6029.38,790281100,4896360060.3
1996-11-01T14:30:00Z,6029.38,6606.3,5975.34,6521.7,769437300,4538048965.7
1996-12-02T14:30:00Z,6521.7,6623.96,6206.83,6448.27,807705500,4262433031.15
1997-01-01T14:30:00Z,6448.27,6953.55,6318.96,6813.09,1079692100,3938368545.65
1997-02-03T14:30:00Z,6813.09,7112.87,6683.4,6877.74,795648000,3600621266.15
1997-03-03T14:30:00Z,6877.74,7158.28,6532.49,6583.48,972286200,3295024298
1997-04-01T14:30:00Z,6583.48,7081.23,6315.84,7008.99,1209968700,2998804660
1997-05-01T13:30:00Z,7008.99,7430.2,6891.39,7331.04,1185638900,2709508236.5
1997-06-02T13:30:00Z,7331.04,7868.44,7214.29,7672.79,1233296700,2369544466
1997-07-01T13:30:00Z,7672.79,8328.99,7613.53,8222.61,1399164400,2060989045
1997-08-01T13:30:00Z,8222.61,8340.14,7580.85,7622.42,1241497900,1753452440
1997-09-01T13:30:00Z,7650.99,8078.36,7556.23,7945.26,1378727500,1364476815
1997-10-01T13:30:00Z,7945.26,8218.34,6933.01,7442.08,1767811900,1017105410
1997-11-03T14:30:00Z,7503.48,7934.53,7334.77,7823.13,1184946600,1011259155
1997-12-01T14:30:00Z,7823.62,8209.56,7563.23,7908.25,1260223800,1035194845
1998-01-01T14:30:00Z,7908.25,8072.91,7391.59,7906.5,1433929900,1065224830
1998-02-02T14:30:00Z,7987.46,8616.72,7987.46,8545.72,1097413800,1086214630
1998-03-02T14:30:00Z,8545.72,8997.11,8377.32,8799.81,1318624800,1111768220
1998-04-01T14:30:00Z,8799.81,9213.33,8748.74,9063.37,1418101800,1151073445
1998-05-01T13:30:00Z,9066.61,9261.91,8788.1,8899.95,1105637200,1172501705
1998-06-01T13:30:00Z,8899.95,9104.72,8569.88,8952.02,1344426100,1200208955
1998-07-01T13:30:00Z,8958.99,9367.84,8816.09,8883.29,1506047800,1237039480
1998-08-03T13:30:00Z,8883.29,8886.12,7539.07,7539.07,1640823400,1278695375
1998-09-01T13:30:00Z,7539.07,8182.47,7400.3,7842.62,1896296500,1319525595
1998-10-01T13:30:00Z,7841.33,8659.81,7467.49,8592.1,1913423600,1375414375
1998-11-02T14:30:00Z,8595.7,9380.2,8595.7,9124.28,1368407800,1395220455
1998-12-01T14:30:00Z,9124.28,9334.88,8676.03,9201.26,1438396100,1406641825
1999-01-01T14:30:00Z,9201.26,9647.96,9063.26,9358.83,1740455100,1434382635
1999-02-01T14:30:00Z,9358.83,9611.33,9099.04,9306.58,1543977300,1449916665
1999-03-01T14:30:00Z,9306.58,10085.31,9211.23,9786.16,1939736300,1476945260
1999-04-01T14:30:00Z,9786.16,10961.71,9765.63,10789.04,2119712500,1520855990
1999-05-03T13:30:00Z,11014.69,11130.67,10434.26,10559.74,1838005400,1543819885
1999-06-01T13:30:00Z,10559.74,11003.41,10409.14,10970.8,1756475400,1543253060
1999-07-01T13:30:00Z,10970.8,11252.27,10647.86,10655.15,1665099600,1567260710
1999-08-02T13:30:00Z,10655.15,11365.93,10549.08,10829.28,1808161800,1594657610
1999-09-01T13:30:00Z,10829.28,11142.41,10081.13,10336.95,1750113900,1610466810
1999-10-01T13:30:00Z,10335.69,10790.02,9976.02,10731.76,2279943200,1669593280
1999-11-01T14:30:00Z,10695.61,11112.77,10536.27,10877.81,3225456900,1764934885
1999-12-01T14:30:00Z,10875.44,11568.77,10859.65,11497.12,3143306000,1851195095
2000-01-03T14:30:00Z,11494.71,11750.28,10701.64,10940.53,3790992500,1985462860
2000-02-01T14:30:00Z,10952.32,11118.93,9836.06,10128.31,3641329400,2100308025
2000-03-01T14:30:00Z,10163.99,11234.65,9731.81,10921.92,4714424100,2260726840
2000-04-03T13:30:00Z,10921.92,11425.45,10201.53,10733.91,4003535100,2378862425
2000-05-01T13:30:00Z,10733.91,10971.24,10258.81,10522.33,3783745800,2473234890
2000-06-01T13:30:00Z,10549.74,10863,10335.46,10447.89,3749800100,2565053715
2000-07-03T13:30:00Z,10434.81,10874.63,10393.09,10521.98,3218655000,2657566075
2000-08-01T13:30:00Z,10521.98,11319.06,10516.76,11215.1,3576228600,2764457700
2000-09-01T13:30:00Z,11276.51,11401.19,10567.32,10650.92,4610687000,2907969295
2000-10-02T13:30:00Z,10682.37,10995.41,9654.64,10971.14,6068323100,3134186585
2000-11-01T14:30:00Z,10917.3,11006.5,10292.39,10414.49,4617248300,3268062185
2000-12-01T14:30:00Z,10448.62,10917.68,10299.21,10787.99,5133855400,3418769330
2001-01-02T14:30:00Z,10703.08,11028,10468.04,10887.36,5754700100,3614604065
2001-02-01T14:30:00Z,10892.97,11035.14,10294.01,10495.28,4127338600,3733147225
2001-03-01T14:30:00Z,10440.18,10859.5,9106.54,9878.78,5986351700,3949209830
2001-04-02T13:30:00Z,9877.16,10906.41,9375.72,10734.97,5223365000,4119969990
2001-05-01T13:30:00Z,10734.05,11350.05,10673.22,10911.94,4496394600,4257284025
2001-06-01T13:30:00Z,10913.57,11196.53,10394.72,10502.4,4831764724,4384875101.2
2001-07-02T13:30:00Z,10504.95,10679.12,10120.89,10522.81,4563029300,4451753721.2
2001-08-01T13:30:00Z,10527.38,10609.65,9869.14,9949.75,4037187000,4496447771.2
2001-09-04T13:30:00Z,9946.98,10182.38,8062.34,8847.56,5512431800,4582519736.2
2001-10-01T13:30:00Z,8845.97,9598.17,8732.14,9075.14,5672435400,4684075036.2
2001-11-01T14:30:00Z,9087.45,9992.79,9014.46,9851.56,4661530300,4681430346.2
2001-12-03T14:30:00Z,9848.93,10184.45,9703.9,10021.5,4266186600,4694562921.2
2002-01-02T14:30:00Z,10021.71,10300.15,9529.46,9920,4955758900,4753163576.2
2002-02-01T14:30:00Z,9923.04,10255.24,9580.32,10106.13,4576039300,4794475536.2
2002-03-01T14:30:00Z,10111.04,10673.1,10111.04,10403.94,4514778700,4859281721.2
2002-04-01T14:30:00Z,10402.07,10402.07,9811.57,9946.22,5055871000,4933263841.2
2002-05-01T13:30:00Z,9944.9,10353.43,9802.23,9925.25,4755649500,4940511966.2
2002-06-03T13:30:00Z,9923.94,9986.49,8926.57,9243.26,5756143800,4924903001.2
2002-07-01T13:30:00Z,9239.25,9410.38,7532.66,8736.59,7662821000,5077181636.2
2002-08-01T13:30:00Z,8732.58,9077.01,8030.82,8663.5,5591356700,5100056701.2
2002-09-03T13:30:00Z,8659.27,8726.9,7460.78,7591.93,5560522900,5090347841.2
2002-10-01T13:30:00Z,7593.04,8558.63,7197.49,8397.03,7498830900,5258922456.2
2002-11-01T14:30:00Z,8395.64,8950.33,8298.68,8896.09,5342953100,5226752526.2
2002-12-02T14:30:00Z,8902.95,9043.37,8242.91,8341.63,4607215500,5195945051.2
2003-01-02T14:30:00Z,8342.38,8869.29,7917.16,8053.81,5426611900,5242455916.2
2003-02-03T14:30:00Z,8053.74,8152.53,7628.99,7891.08,4416262100,5221680785
2003-03-03T14:30:00Z,7890.24,8522.18,7416.64,7992.13,5612578400,5274158240
2003-04-01T14:30:00Z,7992.83,8559.77,7979.69,8480.09,5126211600,5328609470
2003-05-01T13:30:00Z,8478.48,8868.33,8340.23,8850.26,4865852000,5296280480
2003-06-02T13:30:00Z,8851.45,9352.77,8851.45,8985.44,4987862700,5262051845
2003-07-01T13:30:00Z,8983.66,9361.4,8871.2,9233.8,4911393400,5274545000
2003-08-01T13:30:00Z,9232.68,9499.97,8997.11,9415.82,3813046200,5251887980
2003-09-02T13:30:00Z,9416.67,9686.08,9230.47,9275.06,4385454900,5223372780
2003-10-01T13:30:00Z,9276.8,9850.01,9276.8,9801.12,4794691400,5234305385
2003-11-03T14:30:00Z,9802.46,9903.57,9585.5,9782.46,3548521380,5185992519
2003-12-01T14:30:00Z,9785.35,10462.44,9785.35,10453.92,4173694350,5141883686.5
2004-01-02T14:30:00Z,10452.74,10705.18,10367.41,10488.07,4380520500,5123127236.5
2004-02-02T14:30:00Z,10487.78,10753.63,10434.67,10583.92,3819756040,5026307848.5
2004-03-01T14:30:00Z,10582.25,10695.55,10007.49,10357.7,4966693290,4891501463
2004-04-01T14:30:00Z,10357.52,10570.81,10219.18,10225.57,4529997630,4838433509.5
2004-05-03T13:30:00Z,10227.27,10386.32,9852.19,10188.45,4016811480,4761247938.5
2004-06-01T13:30:00Z,10187.18,10487.54,10134.86,10435.48,4111100050,4591861396
2004-07-01T13:30:00Z,10434,10448.09,9913.92,10139.71,4452186000,4547323041
2004-08-02T13:30:00Z,10138.45,10211.25,9783.91,10173.92,3721807330,4503052632.5
2004-09-01T13:30:00Z,10170.12,10363.36,9977.92,10080.27,4578769900,4460660532.5
2004-10-01T13:30:00Z,10082.04,10270.37,9708.4,10027.47,5253005160,4502497685.5
2004-11-01T14:30:00Z,10028.73,10602.85,10010.15,10428.02,5553012300,4499519380.5
2004-12-01T14:30:00Z,10425.8,10868.07,10418.63,10783.01,5692549460,4527836273.5
2005-01-03T14:30:00Z,10783.75,10867.39,10368.61,10489.94,5249876500,4547037498.5
2005-02-01T14:30:00Z,10489.72,10853.43,10489.64,10766.23,5022302780,4548759502.5
2005-03-01T14:30:00Z,10769.04,10984.46,10396.24,10503.76,5820120480,4594195856.5
2005-04-01T14:30:00Z,10504.57,10568.93,10000.46,10192.51,5852253970,4696156245
2005-05-02T13:30:00Z,10192,10560.81,10075.55,10467.48,4843005340,4719033767
2005-06-01T13:30:00Z,10462.86,10656.29,10253.49,10274.97,5026732890,4730635841.5
2005-07-01T13:30:00Z,10273.59,10717.73,10175.4,10640.91,4821221470,4794270846
2005-08-01T13:30:00Z,10641.78,10719.41,10349.37,10481.6,5082369150,4839704586
2005-09-01T13:30:00Z,10481.44,10701.81,10350.96,10568.7,5219708280,4881663975
2005-10-03T13:30:00Z,10569.5,10608.56,10156.46,10440.07,5829021490,4982127247.5
2005-11-01T14:30:00Z,10437.51,10959.79,10388.76,10805.87,5385012390,5003043202.5
2005-12-01T14:30:00Z,10806.03,10940.34,10709.42,10717.5,5223903420,5037738492
2006-01-03T14:30:00Z,10718.3,11047.76,10661.15,10864.86,6430975750,5158446705.5
2006-02-01T14:30:00Z,10862.14,11159.18,10737.67,10993.41,5759103800,5240846893
2006-03-01T14:30:00Z,10993.25,11334.96,10922.73,11109.32,6681439270,5352309556.5
2006-04-03T13:30:00Z,11113,11417.66,11039.12,11367.14,5584036670,5445421023.5
2006-05-01T13:30:00Z,11367.78,11670.19,11030.47,11168.31,7297653190,5581365188
2006-06-01T13:30:00Z,11169.03,11285.82,10698.85,11150.22,6915326380,5664481249
2006-07-03T13:30:00Z,11149.34,11257.08,10683.32,11185.68,5661483920,5669904830
2006-08-01T13:30:00Z,11184.8,11407.08,11042.64,11381.15,4619406010,5616247657.5
2006-09-01T13:30:00Z,11382.75,11741.99,11323.84,11679.07,4494894327,5578498548.85
2006-10-02T13:30:00Z,11678.99,12167.02,11653.06,12080.73,5543222524,5604544536.05
2006-11-01T14:30:00Z,12080.25,12361,11965.31,12221.93,4722837979,5549680411
2006-12-01T14:30:00Z,12220.97,12529.88,12089.98,12463.15,4336607527,5473898088.85
2007-01-03T14:30:00Z,12459.54,12657.02,12337.37,12621.69,4992601616,5481377902.65
2007-02-01T14:30:00Z,12617.2,12795.93,12086.06,12268.63,4347410535,5447411784.9
2007-03-01T14:30:00Z,12265.59,12511.05,11939.61,12354.35,5632851924,5487993307.6
2007-04-02T13:30:00Z,12354.52,13162.06,12324.28,13062.91,4819809061,5474865303.15
2007-05-01T13:30:00Z,13062.75,13673.07,13041.3,13627.64,4992619771,5463510877.7
2007-06-01T13:30:00Z,13628.69,13692,13251.53,13408.62,5224570599,5433288333.15
2007-07-02T13:30:00Z,13409.6,14021.95,13199.79,13211.99,5512064499,5439640938.6
2007-08-01T13:30:00Z,13211.09,13695.82,12517.94,13357.74,6199121971,5488401866.15
2007-09-04T13:30:00Z,13358.39,13924.81,13021.93,13895.63,4328413731,5383273765.2
2007-10-01T13:30:00Z,13895.71,14198.1,13407.49,13930.01,5010929561,5345865053.25
2007-11-01T13:30:00Z,13924.16,13924.16,12724.09,13371.72,5980232575,5310804718.5
2007-12-03T14:30:00Z,13368.22,13780.11,13092,13264.82,4310312393,5247118504.65
2008-01-02T14:30:00Z,13261.82,13279.54,11634.82,12650.36,7459824088,5255227049.55
2008-02-01T14:30:00Z,12638.17,12767.74,12069.47,12266.39,5720329028,5195477181.95
2008-03-03T14:30:00Z,12264.36,12622.07,11731.6,12262.89,6229017560,5223853863.95
2008-04-01T13:30:00Z,12266.64,13010,12266.47,12820.13,5050809909,5245424058.9
2008-05-01T13:30:00Z,12818.34,13136.69,12442.59,12638.32,4530791067,5247218895.9
2008-06-02T13:30:00Z,12637.67,12638.08,11287.56,11350.01,5309933098,5235554424.6
2008-07-01T13:30:00Z,11344.64,11698.17,10827.71,11378.02,5523442339,5275584642.6
2008-08-01T13:30:00Z,11379.89,11867.11,11221.53,11543.55,3578224301,5237665481.3
2008-09-02T13:30:00Z,11545.63,11790.17,10365.45,10850.66,6302320375,5303151419.25
2008-10-01T13:30:00Z,10847.4,10882.52,7882.51,9325.01,8311568459,5501359315.45
2008-11-03T14:30:00Z,9326.04,9653.95,7449.38,8829.04,6262885086,5532860973.55
2008-12-01T14:30:00Z,8826.89,9026.41,8118.5,8776.39,5701483628,5576944701.9
2009-01-02T14:30:00Z,8772.25,9088.06,7909.03,8000.86,6261961280,5640411777.35
2009-02-02T14:30:00Z,8000.62,8315.07,7033.62,7062.93,7134341693,5735900332.05
2009-03-02T14:30:00Z,7056.48,7931.33,6469.95,7608.92,10561063900,5988350302.1
2009-04-01T13:30:00Z,7606.13,8307.51,7483.87,8168.12,7795909348,6068189670.95
2009-05-01T13:30:00Z,8167.41,8591.93,8099.31,8500.33,6734394081,6188488688.45
2009-06-01T13:30:00Z,8501.53,8877.93,8259.43,8447,5524100360,6214147228.4
2009-07-01T13:30:00Z,8447.53,9246.43,8087.19,9171.61,4902335497,6160252374.5
2009-08-03T13:30:00Z,9173.65,9630.2,9116.52,9496.28,4042188532,6146846181.45
2009-09-01T13:30:00Z,9492.32,9917.99,9252.93,9712.28,4478504685,5997780211.3
2009-10-01T13:30:00Z,9711.6,10119.47,9430.08,9712.73,5151146848,5969321102.3
2009-11-02T14:30:00Z,9712.13,10495.61,9678.95,10344.84,3813529922,5848546720.4
2009-12-01T14:30:00Z,10343.82,10580.33,10235.63,10428.05,4174011216,5804706785.75
2010-01-04T14:30:00Z,10430.69,10729.89,10043.75,10067.33,4388026627,5797568563.75
2010-02-01T14:30:00Z,10068.99,10438.55,9835.09,10325.26,4279668750,5746055346.35
2010-03-01T14:30:00Z,10326.1,10955.48,10326.1,10856.63,4388520325,5689309245.65
2010-04-01T13:30:00Z,10857.31,11258.01,10844.09,11008.61,4237511259,5722273593.55
2010-05-03T13:30:00Z,11009.6,11177.67,9774.48,10136.63,5605683461,5687441747.85
2010-06-01T13:30:00Z,10133.94,10594.16,9753.84,9774.02,4941688689,5518947759.35
2010-07-01T13:30:00Z,9773.27,10584.99,9614.32,10465.94,4199014663,5415754238.2
2010-08-02T13:30:00Z,10468.82,10719.94,9936.62,10014.72,4048450955,5333102604.55
2010-09-01T13:30:00Z,10016.01,10948.88,10016.01,10788.05,3764965608,5208252820.95
2010-10-01T13:30:00Z,10789.72,11247.6,10711.12,11118.49,3787264855,5040898979.05
2010-11-01T13:30:00Z,11120.3,11451.53,10929.28,11006.02,3808125404,4703252054.25
2010-12-01T14:30:00Z,11007.23,11625,11007.23,11577.51,3253319685,4476122571.1
2011-01-03T14:30:00Z,11577.43,12020.52,11573.87,11891.93,3681718335,4323488783.8
2011-02-01T14:30:00Z,11892.5,12391.29,11892.5,12226.34,3220478621,4208307696.85
2011-03-01T14:30:00Z,12226.49,12383.46,11555.48,12319.73,3851824893,4155782166.65
2011-04-01T13:30:00Z,12321.02,12832.83,12093.89,12810.54,3321114296,4119728454.85
2011-05-02T13:30:00Z,12810.16,12876,12309.52,12569.79,3578011273,4074703784.25
2011-06-01T13:30:00Z,12569.41,12569.49,11862.53,12414.34,3876448867,4010968885.2
2011-07-01T13:30:00Z,12412.07,12753.89,12083.45,12143.24,3092460048,3974915391.5
2011-08-01T13:30:00Z,12144.22,12282.42,10604.07,11613.53,6203242379,4076376949.65
2011-09-01T13:30:00Z,11613.3,11716.84,10597.14,10913.38,4395747085,4076762972.55
2011-10-03T13:30:00Z,10912.1,12284.31,10404.49,11955.01,3907750464,4058167058.25
2011-11-01T13:30:00Z,11951.53,12187.51,11231.56,12045.68,3396320690,4008557076.5
2011-12-01T14:30:00Z,12046.21,12328.47,11735.19,12217.56,3147686106,3954065818.85
2012-01-03T14:30:00Z,12221.19,12841.95,12221.19,12632.91,2983186206,3822940956.1
2012-02-01T14:30:00Z,12632.76,13055.75,12632.76,12952.07,2712182033,3711465623.3
2012-03-01T14:30:00Z,12952.29,13289.08,12734.86,13212.04,3203389447,3661684362.5
2012-04-02T13:30:00Z,13211.36,13297.11,12710.56,13213.63,2574897057,3588006667.6
2012-05-01T13:30:00Z,13214.16,13338.66,12311.56,12393.45,3050000223,3552258398.35
2012-06-01T13:30:00Z,12391.56,12898.94,12035.09,12880.09,2923648956,3509077603.4
2012-07-02T13:30:00Z,12879.71,13128.64,12492.25,13008.68,2578128918,3447577779.1
2012-08-01T13:30:00Z,13007.47,13330.76,12778.9,13090.84,2267288714,3398276230.55
2012-09-04T13:30:00Z,13092.15,13653.24,12977.09,13437.13,2701259157,3349253271.65
2012-10-01T13:30:00Z,13437.66,13661.87,13039.86,13096.46,2472588532,3311858767.2
2012-11-01T13:30:00Z,13099.19,13290.75,12471.49,13025.58,2683927243,3253463884.7
2012-12-03T14:30:00Z,13027.73,13365.86,12883.89,13104.14,2666731742,3220744757
2013-01-02T14:30:00Z,13104.3,13969.99,13104.3,13860.58,2785075588,3181097972.75
2013-02-01T14:30:00Z,13860.58,14149.15,13784.01,14054.49,2486100656,3111580562.2
2013-03-01T14:30:00Z,14054.49,14585.1,13937.6,14578.54,2546114653,3084263292.45
2013-04-01T13:30:00Z,14578.54,14887.51,14434.43,14839.8,2918917170,2920047032
2013-05-01T13:30:00Z,14839.8,15542.4,14687.05,15115.57,2770666194,2838792987.45
2013-06-03T13:30:00Z,15123.55,15340.09,14551.27,14909.6,2928856203,2789848274.4
2013-07-01T13:30:00Z,14911.6,15634.32,14858.93,15499.54,2571885966,2748626538.2
2013-08-01T13:30:00Z,15503.85,15658.43,14760.41,14810.31,2327139457,2707599205.75
2013-09-03T13:30:00Z,14801.55,15709.58,14777.48,15129.67,2371342710,2677007030.95
2013-10-01T13:30:00Z,15132.49,15721,14719.43,15545.75,2205653852,2651680621.9
2013-11-01T13:30:00Z,15558.01,16174.51,15522.18,16086.41,1820428224,2582532560.75
2013-12-02T14:30:00Z,16087.12,16588.25,15703.79,16576.66,2056926525,2556634034.15
2014-01-02T14:30:00Z,16572.17,16573.07,15617.55,15698.85,2176396394,2512953842.7
2014-02-03T14:30:00Z,15697.69,16398.95,15340.69,16321.71,2067262019,2470134495.85
2014-03-03T14:30:00Z,16321.71,16505.7,16046.99,16457.66,2095882630,2446022181.45
2014-04-01T13:30:00Z,16458.05,16631.63,16015.32,16580.84,1986591271,2431987309.3
2014-05-01T13:30:00Z,16580.26,16735.51,16341.3,16717.17,1642848187,2379066760.8
2014-06-02T13:30:00Z,16716.85,16978.02,16673.65,16826.6,1753311447,2343102906.55
2014-07-01T13:30:00Z,16828.53,17151.56,16563.3,16563.3,1689936665,2293403377.65
2014-08-01T13:30:00Z,16561.7,17153.8,16333.78,17098.45,1482341709,2234183876
2014-09-02T13:30:00Z,17097.42,17350.64,16934.43,17042.9,1870421649,2188451179.05
2014-10-01T13:30:00Z,17040.46,17395.54,15855.12,17390.52,2312996786,2179795985.55
2014-11-03T14:30:00Z,17390.9,17894.83,17278.36,17828.24,1516343454,2128307425.6
2014-12-01T14:30:00Z,17827.27,18103.45,17067.59,17823.07,2216843470,2093203740.6
2015-01-02T14:30:00Z,17823.07,17951.78,17136.3,17164.95,2172638742,2063302368
2015-02-02T14:30:00Z,17169.99,18244.38,17037.76,18132.7,1751194255,2004419270.6
2015-03-02T14:30:00Z,18134.05,18288.63,17579.27,17776.12,2470408389,1999345391.75
2015-04-01T13:30:00Z,17778.52,18175.56,17585.01,17840.52,2173055204,1991641179.1
2015-05-01T13:30:00Z,17859.27,18351.36,17733.12,18010.68,1832243201,1964686203.65
2015-06-01T13:30:00Z,18017.82,18188.81,17576.5,17619.51,2212446080,1965025815.05
2015-07-01T13:30:00Z,17638.12,18137.12,17399.17,17689.86,2032685072,1975638657.45
2015-08-03T13:30:00Z,17696.74,17704.76,15370.33,16528.03,2725967849,2009090723.65
2015-09-01T13:30:00Z,16528.03,16933.43,15942.37,16284.7,2723908201,2036466314
2015-10-01T13:30:00Z,16278.62,17799.96,16013.66,17663.54,2605099471,2063358186.6
2015-11-02T14:30:00Z,17672.62,17977.85,17210.43,17719.92,2298478486,2073487979.4
2015-12-01T14:30:00Z,17719.72,17901.58,17116.73,17425.03,2521308583,2100223845
2016-01-04T14:30:00Z,17405.48,17405.48,15450.56,16466.3,2842565776,2160209724.45
2016-02-01T14:30:00Z,16453.63,16795.98,15503.01,16516.5,2491566420,2197122473.1
2016-03-01T14:30:00Z,16545.67,17790.11,16545.67,17685.09,2407655934,2233008436.55
2016-04-01T13:30:00Z,17661.74,18167.63,17484.23,17773.64,2094258110,2263604256.6
2016-05-02T13:30:00Z,17783.78,17934.61,17331.07,17787.2,1878874734,2264026910.85
2016-06-01T13:30:00Z,17754.55,18016,17063.08,17929.99,2349934882,2265873815.65
2016-07-01T13:30:00Z,17924.24,18622.01,17713.45,18432.24,1815311029,2280822194.4
2016-08-01T13:30:00Z,18434.5,18668.44,18247.79,18400.88,1695661594,2254763100.6
2016-09-01T13:30:00Z,18396.57,18551.54,17992.21,18308.15,2101067705,2251184548.75
2016-10-03T13:30:00Z,18279.6,18399.96,17959.95,18142.42,1793862655,2253317968.75
2016-11-01T13:30:00Z,18158.24,19225.29,17883.56,19123.58,2107756135,2235185356.05
2016-12-01T14:30:00Z,19149.2,19987.63,19138.79,19762.6,5952471764,2424156184.05
2017-01-03T14:30:00Z,19872.86,20125.58,19677.94,19864.09,6482876459,2656687846.95
2017-02-01T14:30:00Z,19923.81,20851.33,19831.09,20812.24,6185571167,2855344101.3
2017-03-01T14:30:00Z,20957.29,21169.11,20412.8,20663.22,6942009931,3100810344.25
2017-04-03T13:30:00Z,20665.17,21070.9,20379.55,20940.51,5392622022,3234143052.9
2017-05-01T13:30:00Z,20962.73,21112.32,20553.45,21008.65,6613561760,3428625730.85
2017-06-01T13:30:00Z,21030.55,21535.03,20994.22,21349.63,7214578026,3659099658.6
2017-07-03T13:30:00Z,21392.3,21929.8,21279.3,21891.12,5569724272,3822661947.9
2017-08-01T13:30:00Z,21961.42,22179.11,21600.34,21948.1,6150059475,4004099492.5
2017-09-01T13:30:00Z,21981.77,22419.51,21709.63,22405.09,6342138254,4179078116.4
2017-10-02T13:30:00Z,22423.47,23485.25,22416,23377.24,7302900684,4419644829.6
2017-11-01T13:30:00Z,23442.9,24327.82,23242.75,24272.35,7335638155,4666043940.65
2017-12-01T14:30:00Z,24305.4,24876.07,23921.9,24719.22,6589893672,4890825718.75
2018-01-02T14:30:00Z,24809.35,26616.71,24741.7,26149.39,9116938690,5252728916.55
2018-02-01T14:30:00Z,26083.04,26306.7,23360.29,25029.2,9450255470,5607744945.95
2018-03-01T14:30:00Z,25024.04,25449.15,23509.06,24103.11,8873035350,5960631162
2018-04-02T13:30:00Z,24076.6,24858.97,23344.52,24163.15,8064542590,6279075211.8
2018-05-01T13:30:00Z,24117.29,25086.49,23531.31,24415.84,7278025532,6537923103.15
2018-06-01T13:30:00Z,24542.09,25402.83,23997.21,24271.41,7411111574,6818785549.1
2018-07-02T13:30:00Z,24161.53,25587.24,24077.56,25415.19,5408485439,6983822014.3
2018-08-01T13:30:00Z,25461.63,26167.94,24965.77,25964.82,5635417916,6967969321.9
2018-09-04T13:30:00Z,25916.07,26769.16,25754.32,26458.31,5262500729,6906950535.4
2018-10-01T13:30:00Z,26598.36,26951.81,24122.23,25115.76,8373367407,7016340347.4
2018-11-01T13:30:00Z,25142.08,26277.82,24268.74,25538.46,7226959365,7030587819.1
2018-12-03T14:30:00Z,25779.57,25980.21,21712.53,23327.46,8101551610,7166034298.5
2019-01-02T14:30:00Z,23058.61,25109.62,22638.41,24999.67,7189195417,7194815981.35
2019-02-01T14:30:00Z,25025.31,26241.42,24883.04,25916,5429072823,7105540721.2
2019-03-01T14:30:00Z,26019.67,26155.98,25208,25928.68,6628182945,7158463654.85
2019-04-01T13:30:00Z,26075.1,26695.96,26062.59,26592.91,5854576037,7143689482.95
2019-05-01T13:30:00Z,26639.06,26689.39,24809.51,24815.04,6358220549,7144493597.7
2019-06-03T13:30:00Z,24830.16,26907.37,24680.57,26599.96,5537254149,7056211270.95
2019-07-01T13:30:00Z,26805.86,27398.68,26616.21,26864.27,5269354810,6952897103.7
2019-08-01T13:30:00Z,26879.86,27175.59,25339.6,26403.28,6238645546,6935334697.4
2019-09-03T13:30:00Z,26198.26,27306.73,25978.22,26916.83,5092879944,6734131760.1
2019-10-01T13:30:00Z,26962.54,27204.36,25743.46,27046.23,5707250290,6546981501.1
2019-11-01T13:30:00Z,27142.95,28174.97,27142.95,28051.41,4974029214,6352031194.3
2019-12-02T14:30:00Z,28109.74,28701.66,27325.13,28538.44,5141959375,6205902033.55
2020-01-02T14:30:00Z,28638.97,29373.62,28169.53,28256.03,6270323649,6155516939.4
2020-02-03T14:30:00Z,28319.65,29568.57,24681.01,25409.36,7038349950,6136878858.2
2020-03-02T14:30:00Z,25590.51,27102.34,18213.65,21917.16,15594060159,6646157594.2
2020-04-01T13:30:00Z,21227.38,24764.77,20735.02,24345.72,9868811840,6857827290.4
2020-05-01T13:30:00Z,24120.78,25758.79,22789.62,25383.11,8014716638,6995438085.85
2020-06-01T13:30:00Z,25342.99,27580.21,24843.18,25812.88,9812050742,7067372252.6
2020-07-01T13:30:00Z,25879.38,27071.33,25523.51,26428.32,8267350211,7119391794.9
2020-08-03T13:30:00Z,26542.32,28733.35,26534.38,28430.05,7505832008,7089605814.8
2020-09-01T13:30:00Z,28439.61,29199.35,26537.01,27781.7,10050347041,7232663396
2020-10-01T13:30:00Z,27940.63,28957.9,26143.77,26501.6,8505904142,7386504961.95
2020-11-02T14:30:00Z,26691.28,30116.51,26691.28,29638.64,7911108425,7450651235.95
2020-12-01T14:30:00Z,29797.5,30637.47,29599.29,30606.48,8172919337,7566568400.95
2021-01-04T14:30:00Z,30627.47,31272.22,29856.3,29982.63,8186856451,7658000196.05
2021-02-01T14:30:00Z,30054.73,32009.64,30014.97,30932.38,6711300000,7716702488.6
2021-03-01T14:30:00Z,31065.9,33259,30547.53,32981.56,9367191161,7921594306.15
2021-04-01T13:30:00Z,33054.58,34256.75,32985.35,33874.86,6809500000,7950137028.85
2021-05-03T13:30:00Z,33904.89,35091.56,33473.8,34529.45,6537152579,8022350660.6
2021-06-01T13:30:00Z,34584.19,34849.32,33271.93,34502.52,6777221193,8075849205.75
2021-07-01T13:30:00Z,34507.32,35171.52,33741.76,34935.48,6669467282,8160621109.15
2021-08-02T13:30:00Z,34968.56,35631.19,34690.25,35360.74,5619800000,8184513140.4
2021-09-01T13:30:00Z,35387.55,35475.4,33613.03,33843.93,6599000000,8200946957.95
2021-10-01T13:30:00Z,34030.17,35892.92,33785.54,35819.57,6693500000,8183704460.45
2021-11-01T13:30:00Z,35833.65,36565.73,34424.44,34483.73,7137000000,7760851452.5
2021-12-01T14:30:00Z,34678.94,36679.44,34006.98,36338.31,8288900000,7681855860.5
2022-01-03T14:30:00Z,36321.59,36952.65,33150.33,35131.87,8763800000,7719310028.6
2022-02-01T14:30:00Z,35151.47,35824.28,32272.64,33892.61,7228200000,7590117491.5
2022-03-01T14:30:00Z,33813.48,35372.26,32578.73,34678.36,9099400000,7631719980.95
2022-04-01T13:30:00Z,34740.89,35492.22,32913.15,32977.22,7126200000,7612738380.55
2022-05-02T13:30:00Z,32978.49,34117.74,30635.76,32990.13,8900800000,7555261028.5
2022-06-01T13:30:00Z,33156.31,33272.34,29653.29,30775.44,7642200000,7512075821.4
2022-07-01T13:30:00Z,30737.77,32910.18,30143.93,32845.14,6345800000,7433810400.15
2022-08-01T13:30:00Z,32755.71,34281.36,31509.59,31510.44,6948600000,7372594433.3
2022-09-01T13:30:00Z,31454.58,32504.04,28715.85,28725.52,7764300000,7351466610.75
2022-10-03T13:30:00Z,28855.25,32889.81,28660.94,32732.96,7750900000,7403446610.75
2022-11-01T13:30:00Z,32862.79,34589.77,31727.05,34589.77,7211100000,7295642052.7
2022-12-01T14:30:00Z,34533.59,34712.28,32573.43,33147.26,6897900000,7300062052.7
2023-01-03T14:30:00Z,33148.9,34342.32,32812.33,34086.05,6763000000,7311354423.75
2023-02-01T14:30:00Z,34039.6,34334.7,32636.43,32656.71,6089700000,7276978364.1
2023-03-01T14:30:00Z,32656.37,33572.22,31429.82,33274.16,8068600000,7346935000
2023-04-03T13:30:00Z,33245.78,33634.72,33245.78,33417.59,1164100000,7124150000