Date,Money_Velocity,GDP per capita,Population,Credit_Card_Transactions,US_Debt,Corporate_Profits,BAA_Bond_Rate,AAA_Bond_Rate,PMI_Manufacturing,GDP,Consumer_Price_Index,Consumer_Confidence_Index,US_Market_Cap,Market_Stress,US_Trade_Balance,Effective_Rate,US_Bonds_Rate_10y,Unemployment_Rate,US_Bonds_Rate_1y
1973-07-01,,,211909.0,1601750.0,,,8.24,7.45,18598.0,,44.2,98.4715612655291,5.55803041336154,,8.01,10.4,7.13,4.8,8.39
1973-08-01,,,212092.0,1664750.0,,,8.53,7.68,18629.0,,45.0,98.5424354745672,5.47903012161879,,8.67,10.5,7.4,4.8,8.82
1973-09-01,,,212289.0,1670200.0,,,8.63,7.63,18609.0,,45.2,98.623951990707,5.61588884367319,,8.29,10.78,7.09,4.8,8.31
1973-10-01,5.657,26946.0,212475.0,1664250.0,31.77379,106.253,8.41,7.6,18702.0,5731.632,45.6,98.546495490499,5.86977279187503,,7.22,10.01,6.79,4.6,7.4
1973-11-01,5.657,26946.0,212634.0,1706000.0,31.77379,106.253,8.42,7.67,18773.0,5731.632,45.9,98.1906047051274,5.4061315239976,,7.83,10.03,6.73,4.8,7.57
1973-12-01,5.657,26946.0,212785.0,1765800.0,31.77379,106.253,8.48,7.68,18820.0,5731.632,46.3,97.7446470565572,4.99026665661411,,7.45,9.95,6.74,4.9,7.27
1974-01-01,5.622,26660.0,212932.0,1957000.0,31.76449,112.656,8.48,7.83,18788.0,5682.353,46.8,97.4719968655047,5.08955923431344,,7.77,9.65,6.99,5.1,7.42
1974-02-01,5.622,26660.0,213074.0,2012250.0,31.76449,112.656,8.53,7.85,18727.0,5682.353,47.3,97.568280422607,4.95210940306063,,7.12,8.97,6.96,5.2,6.88
1974-03-01,5.622,26660.0,213211.0,2055600.0,31.76449,112.656,8.62,8.01,18700.0,5682.353,47.8,97.8453136020732,5.16450439557506,,7.96,9.35,7.21,5.1,7.76
1974-04-01,5.714,26666.0,213361.0,2066000.0,30.99462,115.543,8.87,8.25,18702.0,5695.859,48.1,98.0473175931089,4.87320763888336,,8.33,10.51,7.51,5.1,8.62
1974-05-01,5.714,26666.0,213513.0,2051750.0,30.99462,115.543,9.05,8.37,18688.0,5695.859,48.6,97.9863850101785,4.68892275747936,,8.23,11.31,7.58,5.1,8.78
1974-06-01,5.714,26666.0,213686.0,2076200.0,30.99462,115.543,9.27,8.47,18690.0,5695.859,49.0,97.7529751904957,4.66797755781821,,7.9,11.93,7.54,5.4,8.67
1974-07-01,5.775,26347.0,213854.0,2122750.0,30.86269,121.06,9.48,8.72,18656.0,5642.025,49.3,97.4684735217247,4.28479540779126,,7.55,12.92,7.81,5.5,8.8
1974-08-01,5.775,26347.0,214042.0,2173800.0,30.86269,121.06,9.77,9.0,18570.0,5642.025,49.9,97.210228007635,3.94704986272169,,8.96,12.01,8.04,5.5,9.36
1974-09-01,5.775,26347.0,214246.0,2279500.0,30.86269,121.06,10.18,9.24,18492.0,5642.025,50.6,96.9876776816422,3.53450314524902,,8.06,11.34,8.04,5.9,8.87
1974-10-01,5.851,26177.0,214451.0,2448750.0,30.79768,107.908,10.48,9.27,18364.0,5620.126,51.0,96.8043605954987,3.62613284456668,,7.46,10.06,7.9,6.0,8.05
1974-11-01,5.851,26177.0,214625.0,2803600.0,30.79768,107.908,10.6,8.89,18077.0,5620.126,51.5,96.6842266186845,3.76153800405817,,7.47,9.45,7.68,6.6,7.66
1974-12-01,5.851,26177.0,214782.0,3291250.0,30.79768,107.908,10.63,8.89,17693.0,5620.126,51.9,96.6587169991513,3.50644762702634,,7.15,8.53,7.43,7.2,7.31
1975-01-01,5.875,25806.0,214931.0,3619250.0,31.53604,94.707,10.81,8.83,17344.0,5551.713,52.3,96.8108062386957,3.81839867418611,,6.26,7.13,7.5,8.1,6.83
1975-02-01,5.875,25806.0,215065.0,3856500.0,31.53604,94.707,10.65,8.62,17004.0,5551.713,52.6,97.2244196098512,4.20644876964639,,5.5,6.24,7.39,8.1,5.98
1975-03-01,5.875,25806.0,215198.0,4175200.0,31.53604,94.707,10.48,8.67,16853.0,5551.713,52.8,97.7562518149027,4.39221744621608,,5.49,5.54,7.73,8.6,6.11
1975-04-01,5.915,25928.0,215353.0,4473500.0,32.27817,99.406,10.58,8.95,16759.0,5591.382,53.0,98.2308904298595,4.44778905360621,,5.61,5.49,8.23,8.8,6.9
1975-05-01,5.915,25928.0,215523.0,4578200.0,32.27817,99.406,10.69,8.9,16746.0,5591.382,53.1,98.5177205133302,4.72923394349556,,5.23,5.22,8.06,9.0,6.39
1975-06-01,5.915,25928.0,215768.0,4377250.0,32.27817,99.406,10.62,8.77,16690.0,5591.382,53.5,98.665022806694,4.87424232817265,,5.34,5.55,7.86,8.8,6.29
1975-07-01,6.01,26294.0,215973.0,4144750.0,32.38043,115.831,10.55,8.84,16678.0,5687.087,54.0,98.7292842275243,4.90628876537561,,6.13,6.1,8.06,8.6,7.11
1975-08-01,6.01,26294.0,216195.0,3954200.0,32.38043,115.831,10.59,8.95,16824.0,5687.087,54.2,98.7440361519185,4.52627839750347,,6.44,6.14,8.4,8.4,7.7
1975-09-01,6.01,26294.0,216393.0,3895000.0,32.38043,115.831,10.61,8.95,16904.0,5687.087,54.6,98.7717335705617,4.45336835495024,,6.42,6.24,8.43,8.4,7.75
1975-10-01,6.151,26579.0,216587.0,3731250.0,32.7301,124.091,10.62,8.86,16984.0,5763.665,54.9,98.8849983172682,4.64152545396904,,5.96,5.82,8.14,8.4,6.95
1975-11-01,6.151,26579.0,216771.0,3494400.0,32.7301,124.091,10.56,8.78,17025.0,5763.665,55.3,99.1349168020714,4.71756175182386,,5.48,5.22,8.05,8.3,6.49
1975-12-01,6.151,26579.0,216931.0,3198250.0,32.7301,124.091,10.56,8.79,17140.0,5763.665,55.6,99.4337704174534,4.63275386886936,,5.44,5.2,8.0,8.2,6.6
1976-01-01,6.264,27119.0,217095.0,3035200.0,32.98513,132.702,10.41,8.6,17287.0,5893.276,55.8,99.6655533254189,5.08168897039162,,4.87,4.87,7.74,7.9,5.81
1976-02-01,6.264,27119.0,217249.0,2865750.0,32.98513,132.702,10.24,8.55,17384.0,5893.276,55.9,99.7475551139921,5.32124272106537,,4.88,4.77,7.79,7.7,5.91
1976-03-01,6.264,27119.0,217381.0,2843000.0,32.98513,132.702,10.12,8.52,17470.0,5893.276,56.0,99.7590141611292,5.34852060204838,,5.0,4.84,7.73,7.6,6.21
1976-04-01,6.266,27260.0,217528.0,2872250.0,33.49464,136.551,9.94,8.4,17541.0,5936.515,56.1,99.8070528294961,5.37534054526391,,4.86,4.82,7.56,7.7,5.92
1976-05-01,6.266,27260.0,217685.0,2941000.0,33.49464,136.551,9.86,8.58,17513.0,5936.515,56.4,99.9631554014821,5.33499138117946,,5.2,5.29,7.9,7.4,6.4
1976-06-01,6.266,27260.0,217861.0,2989500.0,33.49464,136.551,9.89,8.62,17521.0,5936.515,56.7,100.163066394184,5.37022486669042,,5.41,5.48,7.86,7.6,6.52
1976-07-01,6.318,27339.0,218035.0,2995800.0,33.64333,138.84,9.82,8.56,17524.0,5969.089,57.0,100.306998224799,5.51356545690988,,5.23,5.31,7.83,7.8,6.2
1976-08-01,6.318,27339.0,218233.0,3015250.0,33.64333,138.84,9.64,8.45,17596.0,5969.089,57.3,100.316030456507,5.46465278633052,,5.14,5.29,7.77,7.8,6.0
1976-09-01,6.318,27339.0,218440.0,3070000.0,33.64333,138.84,9.4,8.38,17665.0,5969.089,57.6,100.244488205228,5.57453195425961,,5.08,5.25,7.59,7.6,5.84
1976-10-01,6.364,27464.0,218644.0,3093000.0,33.78753,139.091,9.29,8.32,17548.0,6012.356,57.9,100.16277902636,5.39057547309855,,4.92,5.02,7.41,7.7,5.5
1976-11-01,6.364,27464.0,218834.0,3055750.0,33.78753,139.091,9.23,8.25,17682.0,6012.356,58.1,100.120804284487,5.36465267394166,,4.75,4.95,7.29,7.8,5.29
1976-12-01,6.364,27464.0,219006.0,2923500.0,33.78753,139.091,9.12,7.98,17719.0,6012.356,58.4,100.121537450686,5.57903825107952,,4.35,4.65,6.87,7.8,4.89
1977-01-01,6.39,27724.0,219179.0,2827200.0,33.65136,149.831,9.08,7.96,17803.0,6083.391,58.7,100.167003691468,5.57383175294306,,4.62,4.61,7.21,7.5,5.29
1977-02-01,6.39,27724.0,219344.0,2849000.0,33.65136,149.831,9.12,8.04,17843.0,6083.391,59.3,100.26155155084,5.43929046104251,,4.67,4.68,7.39,7.6,5.47
1977-03-01,6.39,27724.0,219504.0,2702750.0,33.65136,149.831,9.12,8.1,17941.0,6083.391,59.6,100.370391556592,5.41383644517788,,4.6,4.69,7.46,7.4,5.5
1977-04-01,6.479,28195.0,219684.0,2671200.0,32.80422,158.751,9.07,8.04,18024.0,6201.659,60.0,100.449198631947,5.33959932435565,,4.54,4.73,7.37,7.2,5.44
1977-05-01,6.479,28195.0,219859.0,2631250.0,32.80422,158.751,9.01,8.05,18107.0,6201.659,60.2,100.459422362034,5.34327849537543,,4.96,5.35,7.46,7.0,5.84
1977-06-01,6.479,28195.0,220046.0,2619250.0,32.80422,158.751,8.91,7.95,18192.0,6201.659,60.5,100.41363018956,5.37755568282553,,5.02,5.39,7.28,7.2,5.8
1977-07-01,6.572,28623.0,220239.0,2583000.0,32.98791,165.143,8.87,7.94,18259.0,6313.559,60.8,100.317225515136,5.44096150541129,,5.19,5.42,7.33,6.9,5.94
1977-08-01,6.572,28623.0,220458.0,2610500.0,32.98791,165.143,8.82,7.98,18276.0,6313.559,61.1,100.166181700172,5.29879667122934,,5.49,5.9,7.4,7.0,6.37
1977-09-01,6.572,28623.0,220688.0,2589500.0,32.98791,165.143,8.8,7.92,18334.0,6313.559,61.3,99.9953885717108,5.21486976706941,,5.81,6.14,7.34,6.8,6.53
1977-10-01,6.586,28543.0,220904.0,2576200.0,33.21873,166.231,8.89,8.04,18356.0,6313.697,61.6,99.8454732543948,5.08702744114453,,6.16,6.47,7.52,6.8,6.97
1977-11-01,6.586,28543.0,221109.0,2568500.0,33.21873,166.231,8.95,8.08,18419.0,6313.697,62.0,99.7493703147166,5.13677735252123,,6.1,6.51,7.58,6.8,6.95
1977-12-01,6.586,28543.0,221303.0,2507000.0,33.21873,166.231,8.99,8.19,18531.0,6313.697,62.3,99.6980140953334,5.13276346875098,,6.07,6.56,7.69,6.4,6.96
1978-01-01,6.564,28567.0,221477.0,2493500.0,33.5012,171.939,9.17,8.41,18593.0,6333.848,62.7,99.6643544003694,4.94092192580181,,6.44,6.7,7.96,6.4,7.28
1978-02-01,6.564,28567.0,221629.0,2555500.0,33.5012,171.939,9.2,8.47,18639.0,6333.848,63.0,99.5826254604225,4.89269611972785,,6.45,6.78,8.03,6.3,7.34
1978-03-01,6.564,28567.0,221792.0,2499750.0,33.5012,171.939,9.22,8.47,18699.0,6333.848,63.4,99.4420783395092,4.90175064377743,,6.29,6.79,8.04,6.3,7.31
1978-04-01,6.78,29596.0,221991.0,2349600.0,32.12444,190.742,9.32,8.56,18772.0,6578.605,63.9,99.440797129386,5.1250911403395,,6.29,6.89,8.15,6.1,7.45
1978-05-01,6.78,29596.0,222176.0,2231500.0,32.12444,190.742,9.49,8.69,18848.0,6578.605,64.5,99.4654462386869,5.39587421439018,,6.41,7.36,8.35,6.0,7.82
1978-06-01,6.78,29596.0,222379.0,2221750.0,32.12444,190.742,9.6,8.76,18919.0,6578.605,65.0,99.4289587901324,5.42999104167145,,6.73,7.6,8.46,5.9,8.09
1978-07-01,6.847,29806.0,222585.0,2313200.0,32.21407,197.659,9.6,8.88,18951.0,6644.754,65.5,99.402076562376,5.4078708726948,,7.01,7.81,8.64,6.2,8.39
1978-08-01,6.847,29806.0,222805.0,2398000.0,32.21407,197.659,9.48,8.69,19006.0,6644.754,65.9,99.3014157090766,5.79653271944042,,7.08,8.04,8.41,5.9,8.31
1978-09-01,6.847,29806.0,223053.0,2269800.0,32.21407,197.659,9.42,8.69,19068.0,6644.754,66.5,99.2046980041571,5.80077295437059,,7.85,8.45,8.42,6.0,8.64
1978-10-01,6.971,30119.0,223271.0,2230500.0,31.86206,209.891,9.59,8.89,19142.0,6734.069,67.1,98.9708299992667,5.58546655658802,,7.99,8.96,8.64,5.8,9.14
1978-11-01,6.971,30119.0,223477.0,2223750.0,31.86206,209.891,9.83,9.03,19257.0,6734.069,67.5,98.5769115766186,5.2224114153363,,8.64,9.76,8.81,5.9,10.01
1978-12-01,6.971,30119.0,223670.0,2286600.0,31.86206,209.891,9.94,9.16,19334.0,6734.069,67.9,98.2199439875256,5.31651746265295,,9.08,10.03,9.01,6.0,10.3
1979-01-01,7.012,30096.0,223865.0,2382500.0,31.53601,212.498,10.13,9.25,19388.0,6746.176,68.5,98.1941229520223,5.52262670555945,,9.35,10.07,9.1,5.9,10.41
1979-02-01,7.012,30096.0,224053.0,2414250.0,31.53601,212.498,10.08,9.26,19409.0,6746.176,69.2,98.1785119747203,5.45467491288693,,9.32,10.06,9.1,5.9,10.24
1979-03-01,7.012,30096.0,224235.0,2385800.0,31.53601,212.498,10.26,9.37,19453.0,6746.176,69.9,97.983735924067,5.56412543907751,,9.48,10.09,9.12,5.8,10.25
1979-04-01,6.997,30050.0,224438.0,2398500.0,31.06277,220.901,10.33,9.38,19450.0,6753.389,70.6,97.7838537727751,5.69392393053806,,9.46,10.01,9.18,5.8,10.12
1979-05-01,6.997,30050.0,224632.0,2259250.0,31.06277,220.901,10.47,9.5,19509.0,6753.389,71.4,97.650334816699,5.56656053099989,,9.61,10.24,9.25,5.6,10.12
1979-06-01,6.997,30050.0,224843.0,2251600.0,31.06277,220.901,10.38,9.29,19553.0,6753.389,72.2,97.4635918086244,5.70521075954732,,9.06,10.29,8.91,5.7,9.57
1979-07-01,7.049,30182.0,225055.0,2358500.0,30.98402,225.792,10.29,9.2,19531.0,6803.558,73.0,97.298805304659,5.78188493909694,,9.24,10.47,8.95,5.7,9.64
1979-08-01,7.049,30182.0,225295.0,2458250.0,30.98402,225.792,10.35,9.23,19406.0,6803.558,73.7,97.3363321972002,6.06012938767272,,9.52,10.94,9.03,6.0,9.98
1979-09-01,7.049,30182.0,225547.0,2428200.0,30.98402,225.792,10.54,9.44,19442.0,6803.558,74.4,97.3777069295202,6.12874681272223,,10.26,11.43,9.33,5.9,10.84
1979-10-01,7.147,30164.0,225801.0,2490000.0,31.02615,222.428,11.4,10.13,19390.0,6820.572,75.2,97.3007108414582,5.86985830106446,,11.7,13.77,10.3,6.0,12.44
1979-11-01,7.147,30164.0,226027.0,2602500.0,31.02615,222.428,11.99,10.76,19299.0,6820.572,76.0,97.2823173698108,5.84522408699272,,11.79,13.18,10.65,5.9,12.39
1979-12-01,7.147,30164.0,226243.0,2698800.0,31.02615,222.428,12.06,10.74,19301.0,6820.572,76.9,97.3230191861814,6.11470781472509,,12.04,13.78,10.39,6.0,11.98
1980-01-01,7.188,30174.0,226451.0,2781750.0,30.94982,223.244,12.42,11.09,19282.0,6842.024,78.0,97.4093961773782,6.32655612910295,,12.0,13.82,10.8,6.3,12.06
1980-02-01,7.188,30174.0,226656.0,2868500.0,30.94982,223.244,13.57,12.38,19219.0,6842.024,79.0,97.1970791539374,6.54152323428909,,12.86,14.13,12.41,6.3,13.92
1980-03-01,7.188,30174.0,226849.0,2881200.0,30.94982,223.244,14.45,12.96,19217.0,6842.024,80.1,96.6452454026828,5.89479114169753,,15.2,17.19,12.75,6.3,15.82
1980-04-01,7.249,29470.0,227061.0,3126500.0,31.37303,194.714,14.19,12.04,18973.0,6701.046,80.9,96.2169211677703,5.79005097302995,,13.2,17.61,11.47,6.9,13.3
1980-05-01,7.249,29470.0,227251.0,3544800.0,31.37303,194.714,13.17,10.99,18726.0,6701.046,81.7,96.1813029927649,6.07855138254685,,8.58,10.98,10.18,7.5,9.39
1980-06-01,7.249,29470.0,227522.0,3832500.0,31.37303,194.714,12.71,10.58,18490.0,6701.046,82.5,96.585529344508,6.4792132030684,,7.07,9.47,9.78,7.6,8.16
1980-07-01,7.153,29347.0,227726.0,3845500.0,31.77687,202.262,12.65,11.07,18276.0,6693.082,82.6,97.1701533641629,6.78940239566216,,8.06,9.03,10.25,7.8,8.65
1980-08-01,7.153,29347.0,227953.0,3805200.0,31.77687,202.262,13.15,11.64,18414.0,6693.082,83.2,97.8059344831878,7.01850578076774,,9.13,9.61,11.1,7.7,10.24
1980-09-01,7.153,29347.0,228186.0,3693500.0,31.77687,202.262,13.7,12.02,18445.0,6693.082,83.9,98.3417379299345,7.24079934702073,,10.27,10.87,11.51,7.5,11.52
1980-10-01,7.293,29813.0,228417.0,3556250.0,31.157,208.875,14.23,12.31,18506.0,6817.903,84.7,98.5694807304202,7.44401085863682,,11.62,12.81,11.75,7.5,12.49
1980-11-01,7.293,29813.0,228612.0,3300600.0,31.157,208.875,14.64,12.97,18601.0,6817.903,85.6,98.4572589749215,7.73881578670093,,13.73,15.85,12.68,7.5,14.15
1980-12-01,7.293,29813.0,228779.0,3125500.0,31.157,208.875,15.14,13.21,18640.0,6817.903,86.4,98.0777940686352,7.59436205040359,,15.49,18.9,12.84,7.2,14.88
1981-01-01,7.528,30335.0,228937.0,3038200.0,30.87284,213.17,15.03,12.81,18639.0,6951.495,87.2,97.9249017079084,7.55043065068934,,15.02,19.08,12.57,7.5,14.08
1981-02-01,7.528,30335.0,229071.0,2978000.0,30.87284,213.17,15.37,13.35,18613.0,6951.495,88.0,97.8271826142201,7.28031853812066,,14.79,15.93,13.19,7.4,14.57
1981-03-01,7.528,30335.0,229224.0,2899250.0,30.87284,213.17,15.34,13.33,18647.0,6951.495,88.6,97.9299183202278,7.57145004572822,,13.36,14.7,13.12,7.4,13.71
1981-04-01,7.428,30042.0,229403.0,2857000.0,30.70875,201.614,15.56,13.88,18711.0,6899.98,89.1,98.2521358556387,7.68525714804844,,13.69,15.72,13.68,7.2,14.32
1981-05-01,7.428,30042.0,229575.0,2904000.0,30.70875,201.614,15.95,14.32,18766.0,6899.98,89.7,98.5358138716178,7.55426391619912,,16.3,18.52,14.1,7.5,16.2
1981-06-01,7.428,30042.0,229761.0,2903250.0,30.70875,201.614,15.8,13.75,18789.0,6899.98,90.5,98.6325231067381,7.60506879368824,,14.73,19.1,13.47,7.5,14.86
1981-07-01,7.637,30319.0,229966.0,2883000.0,30.60333,206.868,16.17,14.38,18785.0,6982.609,91.5,98.6883155244426,7.42505078337375,,14.95,19.04,14.28,7.2,15.72
1981-08-01,7.637,30319.0,230187.0,2948400.0,30.60333,206.868,16.34,14.89,18748.0,6982.609,92.2,98.6625497212539,7.45136789883879,,15.51,17.82,14.94,7.4,16.72
1981-09-01,7.637,30319.0,230412.0,3013000.0,30.60333,206.868,16.92,15.49,18712.0,6982.609,93.1,98.3922439330294,6.77068389088353,,14.7,15.87,15.32,7.6,16.52
1981-10-01,7.592,29911.0,230641.0,3127000.0,31.35587,203.587,17.11,15.4,18566.0,6906.529,93.4,97.9902926524242,6.87301289708974,,13.54,15.08,15.15,7.9,15.38
1981-11-01,7.592,29911.0,230822.0,3337250.0,31.35587,203.587,16.39,14.22,18409.0,6906.529,93.8,97.6231761788816,7.08000634997047,,10.86,13.31,13.39,8.3,12.41
1981-12-01,7.592,29911.0,230989.0,3525250.0,31.35587,203.587,16.55,14.23,18223.0,6906.529,94.1,97.5765047121524,7.11104738454737,,10.85,12.37,13.72,8.5,12.85
1982-01-01,7.401,29384.0,231157.0,3533600.0,32.41298,183.468,17.1,15.18,18047.0,6799.233,94.4,97.6850005189544,6.72508701941471,,12.28,13.22,14.59,8.6,14.32
1982-02-01,7.401,29384.0,231313.0,3555500.0,32.41298,183.468,17.18,15.27,17981.0,6799.233,94.7,97.5954311628281,6.55229506945397,,13.48,14.78,14.43,8.9,14.73
1982-03-01,7.401,29384.0,231470.0,3655500.0,32.41298,183.468,16.82,14.58,17857.0,6799.233,94.7,97.4630880378628,6.32436128709593,,12.68,14.68,13.86,9.0,13.95
1982-04-01,7.452,29453.0,231645.0,3864500.0,32.40213,185.364,16.78,14.46,17683.0,6830.251,95.0,97.5007013170056,6.63161606280289,,12.7,14.94,13.87,9.3,13.98
1982-05-01,7.452,29453.0,231809.0,3991800.0,32.40213,185.364,16.64,14.26,17588.0,6830.251,95.9,97.5701286692096,6.64165234098967,,12.09,14.45,13.62,9.4,13.34
1982-06-01,7.452,29453.0,231992.0,4094250.0,32.40213,185.364,16.92,14.81,17430.0,6830.251,97.0,97.5652509641486,6.24870555664562,,12.47,14.15,14.3,9.6,14.07
1982-07-01,7.446,29265.0,232188.0,4101400.0,33.9253,180.728,16.8,14.61,17278.0,6804.139,97.5,97.5828357679321,6.2212049584091,,11.35,12.59,13.95,9.8,13.24
1982-08-01,7.446,29265.0,232392.0,4260250.0,33.9253,180.728,16.32,13.71,17160.0,6804.139,97.7,97.7111532850398,6.23002090901045,,8.68,10.12,13.06,9.8,11.43
1982-09-01,7.446,29265.0,232599.0,4452750.0,33.9253,180.728,15.63,12.94,17074.0,6804.139,97.7,97.9763479273494,6.95261558374539,,7.92,10.31,12.34,10.1,10.85
1982-10-01,7.235,29205.0,232816.0,4639600.0,35.18156,174.574,14.73,12.12,16853.0,6806.857,98.1,98.2141207970298,7.53648016828358,,7.71,9.71,10.91,10.4,9.32
1982-11-01,7.235,29205.0,232993.0,4601000.0,35.18156,174.574,14.3,11.68,16722.0,6806.857,98.0,98.2731021976726,7.8973331341553,,8.07,9.2,10.55,10.8,9.16
1982-12-01,7.235,29205.0,233160.0,4400000.0,35.18156,174.574,14.14,11.83,16690.0,6806.857,97.7,98.2696750028452,7.95166921336697,,7.94,8.95,10.54,10.8,8.91
1983-01-01,7.176,29530.0,233322.0,3919000.0,35.82911,176.17,13.94,11.79,16705.0,6896.561,97.9,98.3728042043009,8.24441847429315,,7.86,8.68,10.46,10.4,8.62
1983-02-01,7.176,29530.0,233473.0,3859250.0,35.82911,176.17,13.95,12.01,16706.0,6896.561,98.0,98.7834350220145,8.39166196428563,,8.11,8.51,10.72,10.4,8.92
1983-03-01,7.176,29530.0,233613.0,3767500.0,35.82911,176.17,13.61,11.73,16711.0,6896.561,98.1,99.4511455667874,8.66558001314013,,8.35,8.77,10.51,10.3,9.04
1983-04-01,7.171,30140.0,233781.0,3760200.0,36.87167,195.362,13.29,11.51,16794.0,7053.5,98.8,100.168126803164,8.97283139844988,,8.21,8.8,10.4,10.2,8.98
1983-05-01,7.171,30140.0,233922.0,3624250.0,36.87167,195.362,13.09,11.46,16885.0,7053.5,99.2,100.646373633205,9.36915442837856,,8.19,8.63,10.38,10.1,8.9
1983-06-01,7.171,30140.0,234118.0,3455500.0,36.87167,195.362,13.37,11.74,16960.0,7053.5,99.4,100.797910678977,9.5490469471674,,8.79,8.98,10.85,10.1,9.66
1983-07-01,7.228,30667.0,234307.0,3189600.0,37.3311,206.519,13.39,12.15,17059.0,7194.504,99.8,100.76115623314,9.58048985620314,,9.08,9.37,11.38,9.4,10.2
1983-08-01,7.228,30667.0,234501.0,3105750.0,37.3311,206.519,13.64,12.51,17118.0,7194.504,100.1,100.617225246817,9.30511333713894,,9.34,9.56,11.85,9.5,10.53
1983-09-01,7.228,30667.0,234701.0,3007000.0,37.3311,206.519,13.55,12.37,17255.0,7194.504,100.4,100.498771029811,9.57619968315708,,9.0,9.45,11.65,9.2,10.16
1983-10-01,7.309,31233.0,234907.0,2902800.0,37.17553,211.822,13.46,12.25,17367.0,7344.597,100.8,100.505639931403,9.58458424785864,,8.64,9.48,11.54,8.8,9.81
1983-11-01,7.309,31233.0,235078.0,2787750.0,37.17553,211.822,13.61,12.41,17479.0,7344.597,101.1,100.703180133397,9.44844208906536,,8.76,9.34,11.69,8.5,9.94
1983-12-01,7.309,31233.0,235235.0,2712200.0,37.17553,211.822,13.75,12.57,17551.0,7344.597,101.4,101.043285494156,9.40014610551534,,9.0,9.47,11.83,8.3,10.11
1984-01-01,7.402,31783.0,235385.0,2549250.0,37.45447,220.108,13.65,12.2,17630.0,7488.167,102.1,101.383117109731,9.53185067454388,,8.9,9.56,11.67,8.0,9.9
1984-02-01,7.402,31783.0,235527.0,2469500.0,37.45447,220.108,13.59,12.08,17728.0,7488.167,102.6,101.517448767379,8.97254106056682,,9.09,9.59,11.84,7.8,10.04
1984-03-01,7.402,31783.0,235675.0,2424400.0,37.45447,220.108,13.99,12.57,17806.0,7488.167,102.9,101.547693331348,8.97822649445572,,9.52,9.91,12.32,7.8,10.59
1984-04-01,7.462,32267.0,235839.0,2422250.0,37.72687,220.957,14.31,12.81,17872.0,7617.547,103.3,101.423178440537,8.9787224477544,,9.69,10.29,12.63,7.7,10.9
1984-05-01,7.462,32267.0,235993.0,2385000.0,37.72687,220.957,14.74,13.28,17916.0,7617.547,103.5,101.343425470782,8.91974171167294,,9.83,10.32,13.41,7.4,11.66
1984-06-01,7.462,32267.0,236160.0,2360400.0,37.72687,220.957,15.05,13.55,17967.0,7617.547,103.7,101.293951848267,8.7428675174191,,9.87,11.06,13.56,7.2,12.08
1984-07-01,7.54,32498.0,236348.0,2353000.0,38.49586,212.293,15.15,13.44,18013.0,7690.985,104.1,101.366314867193,8.62508622332696,,10.12,11.23,13.36,7.5,12.03
1984-08-01,7.54,32498.0,236549.0,2385750.0,38.49586,212.293,14.63,12.87,18034.0,7690.985,104.4,101.495207210005,9.31776929658155,,10.47,11.64,12.72,7.5,11.82
1984-09-01,7.54,32498.0,236760.0,2434800.0,38.49586,212.293,14.35,12.66,18019.0,7690.985,104.7,101.518253894819,9.47588910591385,,10.37,11.3,12.52,7.3,11.58
1984-10-01,7.576,32686.0,236976.0,2524000.0,40.08547,213.695,13.94,12.63,18024.0,7754.117,105.1,101.347483492508,9.41670813971621,,9.74,9.99,12.16,7.4,10.9
1984-11-01,7.576,32686.0,237159.0,2584250.0,40.08547,213.695,13.48,12.29,18016.0,7754.117,105.3,101.162543205012,9.49879408628561,,8.61,9.43,11.57,7.2,9.82
1984-12-01,7.576,32686.0,237316.0,2547000.0,40.08547,213.695,13.4,12.13,18023.0,7754.117,105.5,101.028800317444,9.38277912358232,,8.06,8.38,11.5,7.3,9.33
1985-01-01,7.522,32941.0,237468.0,2552250.0,40.44121,204.768,13.26,12.08,18009.0,7829.26,105.7,101.0101952312,9.81516588361291,,7.76,8.35,11.38,7.3,9.02
1985-02-01,7.522,32941.0,237602.0,2623500.0,40.44121,204.768,13.23,12.13,17966.0,7829.26,106.3,100.966577164449,10.3715444991976,,8.27,8.5,11.51,7.2,9.29
1985-03-01,7.522,32941.0,237732.0,2564400.0,40.44121,204.768,13.69,12.56,17939.0,7829.26,106.8,100.944760052645,10.2914209651112,,8.52,8.58,11.86,7.2,9.86
1985-04-01,7.457,33161.0,237900.0,2578750.0,41.31983,205.85,13.51,12.23,17886.0,7898.194,107.0,100.945806140178,10.3645629220728,,7.95,8.27,11.43,7.3,9.14
1985-05-01,7.457,33161.0,238074.0,2560750.0,41.31983,205.85,13.15,11.72,17855.0,7898.194,107.2,100.94684309217,10.5965196167727,,7.48,7.97,10.85,7.2,8.46
1985-06-01,7.457,33161.0,238270.0,2551800.0,41.31983,205.85,12.4,10.94,17819.0,7898.194,107.5,101.008148788513,10.8475758894056,,6.95,7.53,10.16,7.4,7.8
1985-07-01,7.358,33581.0,238466.0,2542500.0,41.55909,209.89,12.43,10.97,17776.0,8018.809,107.7,100.935707184784,11.056066586652,,7.08,7.88,10.31,7.4,7.86
1985-08-01,7.358,33581.0,238679.0,2562600.0,41.55909,209.89,12.5,11.05,17756.0,8018.809,107.9,100.784586108516,10.8029149455172,,7.14,7.9,10.33,7.1,8.05
1985-09-01,7.358,33581.0,238898.0,2580500.0,41.55909,209.89,12.48,11.07,17718.0,8018.809,108.1,100.631015303029,10.5584156261722,,7.1,7.92,10.37,7.1,8.07
1985-10-01,7.247,33746.0,239113.0,2631750.0,43.78715,211.649,12.36,11.02,17708.0,8078.415,108.5,100.531274825357,10.6528349106017,,7.16,7.99,10.24,7.1,8.01
1985-11-01,7.247,33746.0,239307.0,2625200.0,43.78715,211.649,11.99,10.55,17697.0,8078.415,109.0,100.639222224555,11.2827783274946,,7.24,8.05,9.78,7.0,7.88
1985-12-01,7.247,33746.0,239477.0,2643750.0,43.78715,211.649,11.58,10.16,17693.0,8078.415,109.5,100.861494950717,11.8169168551912,,7.1,8.27,9.26,7.0,7.67
1986-01-01,7.193,33994.0,239638.0,2604000.0,44.07415,176.84,11.44,10.05,17686.0,8153.829,109.9,101.049926515676,11.8989021388068,,7.07,8.14,9.19,6.7,7.73
1986-02-01,7.193,33994.0,239788.0,2568500.0,44.07415,176.84,11.11,9.67,17663.0,8153.829,109.7,101.139710038721,12.5200004682869,,7.06,7.86,8.7,7.2,7.61
1986-03-01,7.193,33994.0,239928.0,2593600.0,44.07415,176.84,10.5,9.0,17624.0,8153.829,109.1,101.16521390237,13.2667039110854,,6.56,7.48,7.78,7.2,7.03
1986-04-01,6.98,34075.0,240094.0,2608750.0,45.30682,172.969,10.19,8.79,17616.0,8190.552,108.7,101.206241856513,13.5939943140604,,6.06,6.99,7.3,7.1,6.44
1986-05-01,6.98,34075.0,240271.0,2671000.0,45.30682,172.969,10.29,9.09,17593.0,8190.552,109.0,101.266412815593,13.6032931527557,,6.15,6.85,7.71,7.2,6.65
1986-06-01,6.98,34075.0,240459.0,2635000.0,45.30682,172.969,10.34,9.13,17530.0,8190.552,109.4,101.364292870821,13.9449508228503,,6.21,6.92,7.8,7.2,6.73
1986-07-01,6.788,34316.0,240651.0,2608000.0,46.12536,171.499,10.16,8.88,17497.0,8268.935,109.5,101.305020737551,13.6976687741138,,5.83,6.56,7.3,7.0,6.27
1986-08-01,6.788,34316.0,240854.0,2655600.0,46.12536,171.499,10.18,8.72,17489.0,8268.935,109.6,101.12308210787,13.9549008051257,,5.53,6.17,7.17,6.9,5.93
1986-09-01,6.788,34316.0,241068.0,2707000.0,46.12536,171.499,10.2,8.89,17498.0,8268.935,110.0,100.949349105534,13.5734432059296,,5.21,5.89,7.45,7.0,5.77
1986-10-01,6.575,34418.0,241274.0,2718750.0,47.55286,175.984,10.24,8.86,17477.0,8313.338,110.2,100.856611728562,13.5414647358885,,5.18,5.85,7.43,7.0,5.72
1986-11-01,6.575,34418.0,241467.0,2630800.0,47.55286,175.984,10.07,8.68,17472.0,8313.338,110.4,100.672874579689,13.9478072512355,,5.35,6.04,7.25,6.9,5.8
1986-12-01,6.575,34418.0,241620.0,2571250.0,47.55286,175.984,9.97,8.49,17478.0,8313.338,110.8,100.518632311998,14.0740394850155,,5.53,6.91,7.11,6.6,5.87
1987-01-01,6.455,34607.0,241784.0,2512400.0,47.57835,187.831,9.72,8.36,17465.0,8375.274,111.4,100.485995997152,14.9706775502788,,5.43,6.43,7.08,6.6,5.78
1987-02-01,6.455,34607.0,241930.0,2472000.0,47.57835,187.831,9.65,8.38,17499.0,8375.274,111.8,100.516600917988,15.8681779284205,,5.59,6.1,7.25,6.6,5.96
1987-03-01,6.455,34607.0,242079.0,2429250.0,47.57835,187.831,9.61,8.36,17507.0,8375.274,112.2,100.590431934505,16.4820559012814,,5.59,6.13,7.25,6.6,6.03
1987-04-01,6.457,34907.0,242252.0,2411000.0,48.04867,215.335,10.04,8.85,17525.0,8465.63,112.7,100.671189478234,16.2288395897245,,5.64,6.37,8.02,6.3,6.5
1987-05-01,6.457,34907.0,242423.0,2324000.0,48.04867,215.335,10.51,9.33,17542.0,8465.63,113.0,100.704545790106,16.1423180108296,,5.66,6.85,8.61,6.3,7.0
1987-06-01,6.457,34907.0,242608.0,2279000.0,48.04867,215.335,10.52,9.32,17537.0,8465.63,113.5,100.777678224631,16.7935135238918,,5.67,6.73,8.4,6.2,6.8
1987-07-01,6.555,35123.0,242804.0,2196500.0,48.1165,230.169,10.61,9.42,17593.0,8539.075,113.8,100.8816657173,17.2594802858236,,5.69,6.58,8.45,6.1,6.68
1987-08-01,6.555,35123.0,243012.0,2211600.0,48.1165,230.169,10.8,9.67,17630.0,8539.075,114.3,100.886414519647,18.2398642717225,,6.04,6.73,8.76,6.0,7.03
1987-09-01,6.555,35123.0,243223.0,2196750.0,48.1165,230.169,11.31,10.18,17691.0,8539.075,114.7,100.700990639284,17.6703426502136,,6.4,7.22,9.42,5.9,7.67
1987-10-01,6.649,35638.0,243446.0,2046800.0,48.55667,239.018,11.62,10.52,17729.0,8685.694,115.0,100.352972834331,15.5606247883929,,6.13,7.29,9.52,6.0,7.59
1987-11-01,6.649,35638.0,243639.0,2082250.0,48.55667,239.018,11.23,10.01,17775.0,8685.694,115.4,100.077760154608,13.5880142902433,,5.69,6.69,8.86,5.8,6.96
1987-12-01,6.649,35638.0,243809.0,2115500.0,48.55667,239.018,11.29,10.11,17809.0,8685.694,115.6,100.149964423562,13.3574966505779,,5.77,6.77,8.99,5.7,7.17
1988-01-01,6.688,35751.0,243981.0,2188000.0,49.03151,249.639,11.07,9.88,17790.0,8730.569,116.0,100.413721289448,13.918339192383,,5.81,6.83,8.67,5.7,6.99
1988-02-01,6.688,35751.0,244131.0,2141500.0,49.03151,249.639,10.62,9.4,17823.0,8730.569,116.2,100.655024025016,14.3727273450989,,5.66,6.58,8.21,5.7,6.64
1988-03-01,6.688,35751.0,244279.0,2112000.0,49.03151,249.639,10.57,9.39,17844.0,8730.569,116.5,100.81854835747,14.842512368628,,5.7,6.58,8.37,5.7,6.71
1988-04-01,6.717,36145.0,244445.0,2081200.0,49.08744,265.179,10.9,9.67,17874.0,8845.28,117.2,100.862466072062,14.7018721642301,,5.91,6.87,8.72,5.4,7.01
1988-05-01,6.717,36145.0,244610.0,2067750.0,49.08744,265.179,11.04,9.9,17892.0,8845.28,117.5,100.955356951519,14.3585284364884,,6.26,7.09,9.09,5.6,7.4
1988-06-01,6.717,36145.0,244806.0,2043000.0,49.08744,265.179,11.0,9.86,17916.0,8845.28,118.0,101.023796619991,15.1244368124085,,6.46,7.51,8.92,5.4,7.49
1988-07-01,6.749,36262.0,245021.0,2065200.0,49.25732,264.662,11.11,9.96,17926.0,8897.107,118.5,101.091989189842,15.0643683769597,,6.73,7.75,9.06,5.4,7.75
1988-08-01,6.749,36262.0,245240.0,2088000.0,49.25732,264.662,11.21,10.11,17891.0,8897.107,119.0,101.201313050788,14.7806537004266,,7.06,8.01,9.26,5.6,8.17
1988-09-01,6.749,36262.0,245464.0,2075750.0,49.25732,264.662,10.9,9.82,17914.0,8897.107,119.5,101.185939248894,15.0006077708466,,7.24,8.19,8.98,5.4,8.09
1988-10-01,6.879,36654.0,245693.0,2015600.0,49.71548,276.88,10.41,9.51,17966.0,9015.661,119.9,101.04408932147,15.4846915604865,,7.35,8.3,8.8,5.4,8.11
1988-11-01,6.879,36654.0,245884.0,1978250.0,49.71548,276.88,10.48,9.45,18003.0,9015.661,120.3,100.941394556566,15.1194143884899,,7.76,8.35,8.96,5.3,8.48
1988-12-01,6.879,36654.0,246056.0,2045200.0,49.71548,276.88,10.65,9.57,18025.0,9015.661,120.7,100.968280563729,15.3843889628522,,8.07,8.76,9.11,5.3,8.99
1989-01-01,7.028,36953.0,246224.0,2061000.0,49.73276,275.1,10.65,9.62,18057.0,9107.314,121.2,101.110502072547,15.8849163101052,,8.27,9.12,9.09,5.4,9.05
1989-02-01,7.028,36953.0,246378.0,2113750.0,49.73276,275.1,10.61,9.64,18055.0,9107.314,121.6,101.090096959135,16.3478023061257,,8.53,9.36,9.17,5.2,9.25
1989-03-01,7.028,36953.0,246530.0,2131500.0,49.73276,275.1,10.67,9.8,18060.0,9107.314,122.2,100.94403728107,16.3005564185043,,8.82,9.85,9.36,5.0,9.57
1989-04-01,7.233,37151.0,246721.0,2098800.0,49.8876,268.646,10.61,9.79,18055.0,9176.827,123.1,100.744270830907,16.7725010688649,,8.65,9.84,9.18,5.2,9.36
1989-05-01,7.233,37151.0,246906.0,2093500.0,49.8876,268.646,10.46,9.57,18040.0,9176.827,123.7,100.611620847887,17.3597830895041,,8.43,9.81,8.86,5.2,8.98
1989-06-01,7.233,37151.0,247114.0,2122750.0,49.8876,268.646,10.03,9.1,18013.0,9176.827,124.1,100.579145281017,17.9009865212979,,8.15,9.53,8.28,5.3,8.44
1989-07-01,7.307,37323.0,247342.0,2179400.0,50.17117,257.909,9.87,8.93,17980.0,9244.816,124.5,100.628670432917,18.3310910195215,,7.88,9.24,8.02,5.2,7.89
1989-08-01,7.307,37323.0,247573.0,2207250.0,50.17117,257.909,9.88,8.96,17964.0,9244.816,124.5,100.711251984297,19.1066067134548,,7.9,8.99,8.11,5.2,8.18
1989-09-01,7.307,37323.0,247816.0,2208800.0,50.17117,257.909,9.91,9.01,17922.0,9244.816,124.8,100.865853435604,19.1122497767442,,7.75,9.02,8.19,5.3,8.22
1989-10-01,7.283,37295.0,248067.0,2281000.0,51.38111,258.272,9.81,8.92,17895.0,9263.033,125.4,100.848415538132,19.0624359723018,,7.64,8.84,8.01,5.3,7.99
1989-11-01,7.283,37295.0,248281.0,2285000.0,51.38111,258.272,9.81,8.89,17886.0,9263.033,125.9,100.722156471267,18.6626827501366,,7.69,8.55,7.87,5.4,7.77
1989-12-01,7.283,37295.0,248479.0,2285000.0,51.38111,258.272,9.82,8.86,17881.0,9263.033,126.3,100.64673343444,19.0752129651786,,7.63,8.45,7.84,5.4,7.72
1990-01-01,7.356,37617.0,248659.0,2354750.0,51.96856,268.869,9.94,8.99,17797.0,9364.259,127.5,100.644065442105,18.5664832355628,,7.64,8.23,8.21,5.4,7.92
1990-02-01,7.356,37617.0,248827.0,2354000.0,51.96856,268.869,10.14,9.22,17893.0,9364.259,128.0,100.625698190991,18.0775949908286,,7.74,8.24,8.47,5.3,8.11
1990-03-01,7.356,37617.0,249012.0,2363800.0,51.96856,268.869,10.21,9.37,17868.0,9364.259,128.6,100.695835612329,18.445834086885,,7.9,8.28,8.59,5.2,8.35
1990-04-01,7.391,37636.0,249306.0,2380250.0,52.7473,282.342,10.3,9.46,17845.0,9398.243,128.9,100.749198139113,18.3814084478022,,7.77,8.26,8.79,5.4,8.4
1990-05-01,7.391,37636.0,249565.0,2390000.0,52.7473,282.342,10.41,9.47,17797.0,9398.243,129.1,100.617147047887,18.94923399969,,7.74,8.18,8.76,5.4,8.32
1990-06-01,7.391,37636.0,249849.0,2423800.0,52.7473,282.342,10.22,9.26,17776.0,9398.243,129.9,100.326700034253,19.4770559832316,,7.73,8.29,8.48,5.2,8.1
1990-07-01,7.377,37529.0,250132.0,2471750.0,53.75313,288.2,10.2,9.24,17704.0,9404.494,130.5,99.836102405035,19.4746877907769,,7.62,8.15,8.47,5.5,7.94
1990-08-01,7.377,37529.0,250439.0,2509250.0,53.75313,288.2,10.41,9.41,17649.0,9404.494,131.6,99.0489396168058,17.9686613878244,,7.45,8.13,8.75,5.7,7.78
1990-09-01,7.377,37529.0,250751.0,2595400.0,53.75313,288.2,10.64,9.56,17609.0,9404.494,132.5,98.2927203627065,17.1543155963423,,7.36,8.2,8.89,5.9,7.76
1990-10-01,7.303,37056.0,251057.0,2720750.0,56.03613,289.53,10.74,9.53,17577.0,9318.876,133.4,97.6883233579565,16.6420900862257,,7.17,8.11,8.72,5.9,7.55
1990-11-01,7.303,37056.0,251346.0,2888250.0,56.03613,289.53,10.62,9.3,17428.0,9318.876,133.7,97.473693067699,17.0545141499914,,7.06,7.81,8.39,6.2,7.31
1990-12-01,7.303,37056.0,251626.0,2968200.0,56.03613,289.53,10.43,9.05,17395.0,9318.876,134.2,97.5389424385121,17.7827130014709,,6.74,7.31,8.08,6.3,7.05
1991-01-01,7.247,36769.0,251889.0,3088000.0,57.41652,303.293,10.45,9.04,17330.0,9275.276,134.7,97.8932885789813,17.6221301809507,,6.22,6.91,8.09,6.4,6.64
1991-02-01,7.247,36769.0,252135.0,3262750.0,57.41652,303.293,10.07,8.83,17211.0,9275.276,134.8,98.5397306769065,19.5830831822718,,5.94,6.25,7.85,6.6,6.27
1991-03-01,7.247,36769.0,252372.0,3419000.0,57.41652,303.293,10.09,8.93,17140.0,9275.276,134.8,99.2768929099799,20.1592081830327,,5.91,6.12,8.11,6.8,6.4
1991-04-01,7.212,36938.0,252643.0,3483250.0,57.74551,309.454,9.94,8.86,17093.0,9347.597,135.1,99.485105874115,20.5699153852386,,5.65,5.91,8.04,6.7,6.24
1991-05-01,7.212,36938.0,252913.0,3486750.0,57.74551,309.454,9.86,8.86,17070.0,9347.597,135.6,99.4677601848702,20.4927119009967,,5.46,5.78,8.07,6.9,6.13
1991-06-01,7.212,36938.0,253207.0,3426800.0,57.74551,309.454,9.96,9.01,17044.0,9347.597,136.0,99.5342355119536,20.5305597011955,,5.57,5.9,8.28,6.9,6.36
1991-07-01,7.166,36993.0,253493.0,3307500.0,59.06123,314.815,9.89,9.0,17015.0,9394.834,136.2,99.5967372846097,20.6273443870897,,5.58,5.82,8.27,6.8,6.31
1991-08-01,7.166,36993.0,253807.0,3291800.0,59.06123,314.815,9.65,8.75,17025.0,9394.834,136.6,99.5603739755815,21.1264573486625,,5.33,5.66,7.9,6.9,5.78
1991-09-01,7.166,36993.0,254126.0,3296250.0,59.06123,314.815,9.51,8.61,17010.0,9394.834,137.0,99.3567716676226,21.0489439427791,,5.22,5.45,7.65,6.9,5.57
1991-10-01,7.058,36995.0,254435.0,3311000.0,60.68599,318.455,9.49,8.55,16999.0,9427.581,137.2,98.8723064809611,21.1034105991122,,4.99,5.21,7.53,7.0,5.33
1991-11-01,7.058,36995.0,254718.0,3310600.0,60.68599,318.455,9.45,8.48,16961.0,9427.581,137.8,98.2718523052188,21.1183627940432,,4.56,4.81,7.42,7.0,4.89
1991-12-01,7.058,36995.0,254964.0,3349250.0,60.68599,318.455,9.26,8.31,16916.0,9427.581,138.2,97.9185624934627,21.2187264937533,,4.07,4.43,7.09,7.3,4.38
1992-01-01,6.886,37328.0,255214.0,3353250.0,60.99679,328.586,9.13,8.2,16839.0,9540.444,138.3,97.8689861375215,22.7115872444266,,3.8,4.03,7.03,7.3,4.15
1992-02-01,6.886,37328.0,255448.0,3314600.0,60.99679,328.586,9.23,8.29,16829.0,9540.444,138.6,98.1182269981782,22.5906336624298,,3.84,4.06,7.34,7.4,4.29
1992-03-01,6.886,37328.0,255703.0,3312000.0,60.99679,328.586,9.25,8.35,16805.0,9540.444,139.1,98.5654180643395,22.3027770350227,,4.04,3.98,7.54,7.4,4.63
1992-04-01,6.814,37607.0,255992.0,3343750.0,61.57938,340.749,9.21,8.33,16831.0,9643.893,139.4,98.9206697435264,22.2371300943177,,3.75,3.73,7.48,7.4,4.3
1992-05-01,6.814,37607.0,256285.0,3344800.0,61.57938,340.749,9.13,8.28,16835.0,9643.893,139.7,99.1229258482208,22.6390449194851,,3.63,3.82,7.39,7.6,4.19
1992-06-01,6.814,37607.0,256589.0,3289750.0,61.57938,340.749,9.05,8.22,16826.0,9643.893,140.1,99.1288864254292,22.2497839839321,,3.66,3.76,7.26,7.8,4.17
1992-07-01,6.735,37839.0,256894.0,3217750.0,61.89802,323.237,8.84,8.07,16819.0,9739.185,140.5,98.9510424999078,22.5956819732486,,3.21,3.25,6.84,7.7,3.6
1992-08-01,6.735,37839.0,257232.0,3250200.0,61.89802,323.237,8.65,7.95,16783.0,9739.185,140.8,98.7958900057048,22.7840669125797,,3.13,3.3,6.59,7.6,3.47
1992-09-01,6.735,37839.0,257548.0,3204250.0,61.89802,323.237,8.62,7.92,16761.0,9739.185,141.1,98.7852211006365,22.7898647446923,,2.91,3.22,6.42,7.6,3.18
1992-10-01,6.584,38102.0,257861.0,3062400.0,62.52256,330.015,8.84,7.99,16751.0,9840.753,141.7,99.0512039485101,22.4770180707235,,2.86,3.1,6.59,7.3,3.3
1992-11-01,6.584,38102.0,258147.0,2949000.0,62.52256,330.015,8.96,8.1,16758.0,9840.753,142.1,99.6869789122129,23.0581289221955,,3.13,3.09,6.87,7.4,3.68
1992-12-01,6.584,38102.0,258413.0,2823750.0,62.52256,330.015,8.81,7.98,16769.0,9840.753,142.3,100.204341230732,23.7152580612079,,3.22,2.92,6.77,7.4,3.71
1993-01-01,6.508,38053.0,258679.0,2713000.0,62.86657,328.957,8.67,7.91,16791.0,9857.185,142.8,100.339711142963,23.7347707243883,,3.0,3.02,6.6,7.3,3.5
1993-02-01,6.508,38053.0,258919.0,2641000.0,62.86657,328.957,8.39,7.71,16805.0,9857.185,143.1,100.221600485762,24.1051869050122,,2.93,3.03,6.26,7.1,3.39
1993-03-01,6.508,38053.0,259152.0,2687500.0,62.86657,328.957,8.15,7.58,16795.0,9857.185,143.3,100.030995560981,24.5713031909538,,2.95,3.07,5.98,7.0,3.33
1993-04-01,6.406,38158.0,259414.0,2775500.0,63.91524,343.279,8.14,7.46,16772.0,9914.565,143.8,99.7950751479801,24.2349580016886,,2.87,2.96,5.97,7.1,3.24
1993-05-01,6.406,38158.0,259680.0,2778400.0,63.91524,343.279,8.21,7.43,16766.0,9914.565,144.2,99.4937136316364,24.3632117551253,,2.96,3.0,6.04,7.1,3.36
1993-06-01,6.406,38158.0,259963.0,2812000.0,63.91524,343.279,8.07,7.33,16742.0,9914.565,144.3,99.2593577881572,24.4769096904015,,3.07,3.04,5.96,7.0,3.54
1993-07-01,6.289,38210.0,260255.0,2782800.0,64.10093,355.933,7.93,7.17,16739.0,9961.873,144.5,99.0416175544389,24.5449193446044,,3.04,3.06,5.81,6.9,3.47
1993-08-01,6.289,38210.0,260566.0,2803250.0,64.10093,355.933,7.6,6.85,16741.0,9961.873,144.8,98.9857963802973,24.9488790382136,,3.02,3.03,5.68,6.8,3.44
1993-09-01,6.289,38210.0,260867.0,2826000.0,64.10093,355.933,7.34,6.66,16769.0,9961.873,145.0,99.1099770543689,25.2390409577778,,2.95,3.09,5.36,6.7,3.36
1993-10-01,6.25,38606.0,261163.0,2825000.0,64.66861,375.422,7.31,6.67,16778.0,10097.362,145.6,99.3968865054402,25.5033019471838,,3.02,2.99,5.33,6.8,3.39
1993-11-01,6.25,38606.0,261425.0,2800750.0,64.66861,375.422,7.66,6.93,16800.0,10097.362,146.0,99.7418023827516,25.3448158157347,,3.1,3.02,5.72,6.6,3.58
1993-12-01,6.25,38606.0,261674.0,2762250.0,64.66861,375.422,7.69,6.93,16815.0,10097.362,146.3,100.242341639931,25.5228923553567,,3.06,2.96,5.77,6.5,3.61
1994-01-01,6.264,38876.0,261919.0,2709600.0,64.30709,404.995,7.65,6.92,16855.0,10195.338,146.3,100.673326521745,25.9565323167137,-0.2933,2.98,3.05,5.75,6.6,3.54
1994-02-01,6.264,38876.0,262123.0,2792500.0,64.30709,404.995,7.76,7.08,16862.0,10195.338,146.7,100.827263274631,25.942616562465,-0.408,3.25,3.25,5.97,6.6,3.87
1994-03-01,6.264,38876.0,262352.0,2754500.0,64.30709,404.995,8.13,7.48,16897.0,10195.338,147.1,100.816244351041,25.4828704863581,-0.2557,3.5,3.34,6.48,6.5,4.32
1994-04-01,6.339,39288.0,262631.0,2736600.0,64.10716,418.333,8.52,7.88,16933.0,10333.495,147.2,100.785851690195,24.5566746291051,-0.1523,3.68,3.56,6.97,6.4,4.82
1994-05-01,6.339,39288.0,262877.0,2752750.0,64.10716,418.333,8.62,7.99,16962.0,10333.495,147.5,100.721928420942,24.7143990638008,-0.2306,4.14,4.01,7.18,6.1,5.31
1994-06-01,6.339,39288.0,263152.0,2720000.0,64.10716,418.333,8.65,7.97,17010.0,10333.495,147.9,100.613131488965,24.8775419058247,-0.1088,4.14,4.25,7.1,6.1,5.27
1994-07-01,6.369,39390.0,263436.0,2659600.0,64.01176,439.704,8.8,8.11,17026.0,10393.898,148.4,100.538884010821,24.6876877537822,-0.1422,4.33,4.26,7.3,6.1,5.48
1994-08-01,6.369,39390.0,263724.0,2647500.0,64.01176,439.704,8.74,8.07,17081.0,10393.898,149.0,100.585939527584,25.3602363256711,-0.2995,4.48,4.47,7.24,6.0,5.56
1994-09-01,6.369,39390.0,264017.0,2629250.0,64.01176,439.704,8.98,8.34,17115.0,10393.898,149.3,100.658309550282,25.510848053542,-0.3063,4.62,4.73,7.46,5.9,5.76
1994-10-01,6.479,39720.0,264301.0,2574000.0,64.38584,453.102,9.2,8.57,17144.0,10512.962,149.4,100.754600687818,25.2744568223081,-0.1974,4.95,4.76,7.74,5.8,6.11
1994-11-01,6.479,39720.0,264559.0,2532250.0,64.38584,453.102,9.32,8.68,17186.0,10512.962,149.8,100.871615539487,25.0032919445754,-0.2948,5.29,5.29,7.96,5.6,6.54
1994-12-01,6.479,39720.0,264804.0,2528800.0,64.38584,453.102,9.1,8.46,17217.0,10512.962,150.1,101.052236066184,24.6242917371243,-0.19,5.6,5.45,7.81,5.5,7.14
1995-01-01,6.55,39754.0,265044.0,2512500.0,64.66271,467.603,9.08,8.46,17262.0,10550.251,150.5,101.136248772386,25.1106233039233,-0.2733,5.71,5.53,7.78,5.6,7.05
1995-02-01,6.55,39754.0,265270.0,2522500.0,64.66271,467.603,8.85,8.26,17265.0,10550.251,150.9,101.000233163311,25.9325656456295,-0.3177,5.77,5.92,7.47,5.4,6.7
1995-03-01,6.55,39754.0,265495.0,2531250.0,64.66271,467.603,8.7,8.12,17263.0,10550.251,151.2,100.773912598611,26.4223639685068,-0.2823,5.73,5.98,7.2,5.4,6.43
1995-04-01,6.614,39760.0,265755.0,2519400.0,65.31294,491.19,8.6,8.03,17278.0,10581.723,151.8,100.675806341554,27.1715492944555,-0.3226,5.65,6.05,7.06,5.8,6.27
1995-05-01,6.614,39760.0,265998.0,2573000.0,65.31294,491.19,8.2,7.65,17259.0,10581.723,152.1,100.662852088714,27.9074178051112,-0.2703,5.67,6.01,6.63,5.6,6.0
1995-06-01,6.614,39760.0,266270.0,2606750.0,65.31294,491.19,7.9,7.3,17247.0,10581.723,152.4,100.792832159743,28.6715343280059,-0.1762,5.47,6.0,6.17,5.6,5.64
1995-07-01,6.714,39969.0,266557.0,2622800.0,64.73906,498.739,8.04,7.41,17218.0,10671.738,152.6,100.912935105518,29.5286083496492,-0.3001,5.42,5.85,6.28,5.7,5.59
1995-08-01,6.714,39969.0,266843.0,2607250.0,64.73906,498.739,8.19,7.57,17240.0,10671.738,152.9,100.878197366595,29.713814192184,-0.2906,5.4,5.74,6.49,5.7,5.75
1995-09-01,6.714,39969.0,267152.0,2626800.0,64.73906,498.739,7.93,7.32,17247.0,10671.738,153.1,100.635647548164,30.7398090232331,-0.2883,5.28,5.8,6.2,5.6,5.62
1995-10-01,6.86,40117.0,267456.0,2663250.0,64.18282,505.677,7.75,7.12,17216.0,10744.203,153.5,100.4753059221,30.8753734002734,-0.1629,5.28,5.76,6.04,5.5,5.59
1995-11-01,6.86,40117.0,267715.0,2672000.0,64.18282,505.677,7.68,7.02,17209.0,10744.203,153.7,100.395672650487,31.4498633211001,-0.3369,5.36,5.8,5.93,5.6,5.43
1995-12-01,6.86,40117.0,267943.0,2612600.0,64.18282,505.677,7.49,6.82,17231.0,10744.203,153.9,100.420258462838,32.4717494215486,-0.2934,5.14,5.6,5.71,5.6,5.31
1996-01-01,7.016,40317.0,268151.0,2648750.0,65.04171,524.958,7.47,6.81,17208.0,10824.674,154.7,100.436927079779,32.6031477496707,-0.3264,5.0,5.56,5.65,5.6,5.09
1996-02-01,7.016,40317.0,268364.0,2692750.0,65.04171,524.958,7.63,6.99,17229.0,10824.674,155.0,100.50971658779,34.3099113392397,-0.3626,4.83,5.22,5.81,5.5,4.94
1996-03-01,7.016,40317.0,268595.0,2685000.0,65.04171,524.958,8.03,7.35,17193.0,10824.674,155.5,100.657923601534,34.337284713289,-0.2276,4.96,5.31,6.27,5.5,5.34
1996-04-01,7.18,40873.0,268853.0,2633500.0,64.2497,526.924,8.19,7.5,17204.0,11005.217,156.1,100.687197416674,34.4135262800271,-0.1332,4.95,5.22,6.51,5.6,5.54
1996-05-01,7.18,40873.0,269108.0,2590500.0,64.2497,526.924,8.3,7.62,17222.0,11005.217,156.4,100.66608920072,35.14031770457,-0.2357,5.02,5.24,6.74,5.6,5.64
1996-06-01,7.18,40873.0,269386.0,2548000.0,64.2497,526.924,8.4,7.71,17226.0,11005.217,156.7,100.776632753932,35.4843561734029,-0.1935,5.09,5.27,6.91,5.3,5.81
1996-07-01,7.369,41106.0,269667.0,2490000.0,64.25469,522.644,8.35,7.65,17223.0,11103.935,157.0,100.938972826202,34.2169410656243,-0.1394,5.15,5.4,6.87,5.5,5.85
1996-08-01,7.369,41106.0,269976.0,2494400.0,64.25469,522.644,8.18,7.46,17255.0,11103.935,157.2,101.061257835729,35.1151962379703,-0.2142,5.05,5.22,6.64,5.1,5.67
1996-09-01,7.369,41106.0,270284.0,2473000.0,64.25469,522.644,8.35,7.66,17252.0,11103.935,157.7,101.153634271846,35.7465031845851,-0.1621,5.09,5.3,6.83,5.2,5.83
1996-10-01,7.623,41401.0,270581.0,2460250.0,64.44697,534.89,8.07,7.39,17268.0,11219.238,158.2,101.278048939876,36.9917460779801,-0.1379,4.99,5.24,6.53,5.2,5.55
1996-11-01,7.623,41401.0,270878.0,2428600.0,64.44697,534.89,7.79,7.1,17277.0,11219.238,158.7,101.383785270635,38.4985691493521,-0.2332,5.03,5.31,6.2,5.4,5.42
1996-12-01,7.623,41401.0,271125.0,2487750.0,64.44697,534.89,7.89,7.2,17284.0,11219.238,159.1,101.399310415532,38.7816307435975,-0.1492,4.91,5.29,6.3,5.4,5.47
1997-01-01,7.761,41558.0,271360.0,2487750.0,64.34428,546.764,8.09,7.42,17297.0,11291.665,159.4,101.450931560497,39.967295694617,-0.3085,5.03,5.25,6.58,5.3,5.61
1997-02-01,7.761,41558.0,271585.0,2415000.0,64.34428,546.764,7.94,7.31,17316.0,11291.665,159.7,101.570936305981,41.450957904285,-0.3459,5.01,5.19,6.42,5.2,5.53
1997-03-01,7.761,41558.0,271821.0,2347600.0,64.34428,546.764,8.18,7.55,17340.0,11291.665,159.8,101.706044233968,41.2677650492193,-0.349,5.14,5.39,6.69,5.2,5.8
1997-04-01,8.002,42128.0,272083.0,2324250.0,63.10907,565.264,8.34,7.73,17349.0,11479.33,159.9,101.873736637598,39.7115855023993,-0.218,5.16,5.51,6.89,5.1,5.99
1997-05-01,8.002,42128.0,272342.0,2302800.0,63.10907,565.264,8.2,7.58,17362.0,11479.33,159.9,102.063192220368,42.9164168277964,-0.2682,5.05,5.5,6.71,4.9,5.87
1997-06-01,8.002,42128.0,272622.0,2295500.0,63.10907,565.264,8.02,7.41,17387.0,11479.33,160.2,102.235798286044,45.2638231411468,-0.2037,4.93,5.56,6.49,5.0,5.69
1997-07-01,8.102,42514.0,272912.0,2269500.0,62.48709,587.262,7.75,7.14,17389.0,11622.911,160.4,102.351956919022,47.6273711637351,-0.3024,5.05,5.52,6.22,4.9,5.54
1997-08-01,8.102,42514.0,273237.0,2272400.0,62.48709,587.262,7.82,7.22,17452.0,11622.911,160.8,102.354667969794,47.6865879726127,-0.3341,5.14,5.54,6.3,4.8,5.56
1997-09-01,8.102,42514.0,273553.0,2234750.0,62.48709,587.262,7.7,7.15,17465.0,11622.911,161.2,102.365748524268,48.4996187769938,-0.1873,4.95,5.54,6.21,4.9,5.52
1997-10-01,8.196,42745.0,273852.0,2215500.0,62.77032,589.208,7.57,7.0,17513.0,11722.722,161.5,102.358729208303,49.4408603460734,-0.0603,4.97,5.5,6.03,4.7,5.46
1997-11-01,8.196,42745.0,274126.0,2215000.0,62.77032,589.208,7.42,6.87,17556.0,11722.722,161.7,102.340006311572,48.7314489686683,-0.0369,5.14,5.52,5.88,4.6,5.46
1997-12-01,8.196,42745.0,274372.0,2235250.0,62.77032,589.208,7.32,6.76,17588.0,11722.722,161.8,102.307802933944,49.9765281864231,-0.1138,5.16,5.5,5.81,4.7,5.53
1998-01-01,8.238,43062.0,274626.0,2275200.0,62.50988,514.609,7.19,6.61,17619.0,11839.876,162.0,102.463124560549,49.924498101799,-0.1733,5.04,5.56,5.54,4.6,5.24
1998-02-01,8.238,43062.0,274838.0,2224250.0,62.50988,514.609,7.25,6.67,17627.0,11839.876,162.0,102.629220777214,52.6996432215704,-0.3858,5.09,5.51,5.57,4.6,5.31
1998-03-01,8.238,43062.0,275047.0,2221750.0,62.50988,514.609,7.32,6.72,17637.0,11839.876,162.0,102.636918051674,55.5261963349057,-0.3568,5.03,5.49,5.65,4.7,5.39
1998-04-01,8.326,43342.0,275304.0,2182500.0,61.85196,512.233,7.33,6.69,17637.0,11949.492,162.2,102.615076127951,57.2448812541473,-0.2618,4.95,5.45,5.64,4.3,5.38
1998-05-01,8.326,43342.0,275564.0,2134600.0,61.85196,512.233,7.3,6.69,17624.0,11949.492,162.6,102.51432359846,56.8894276269608,-0.2335,5.0,5.49,5.65,4.4,5.44
1998-06-01,8.326,43342.0,275836.0,2214250.0,61.85196,512.233,7.13,6.53,17608.0,11949.492,162.8,102.39321976043,56.4233872222298,-0.206,4.98,5.56,5.5,4.5,5.41
1998-07-01,8.469,43748.0,276115.0,2333750.0,60.58693,507.761,7.15,6.55,17422.0,12099.191,163.2,102.254687212697,58.0705779081905,-0.2978,4.96,5.54,5.46,4.5,5.36
1998-08-01,8.469,43748.0,276418.0,2237600.0,60.58693,507.761,7.14,6.52,17563.0,12099.191,163.4,102.058984812162,53.3936228220561,0.3374,4.9,5.55,5.34,4.5,5.21
1998-09-01,8.469,43748.0,276714.0,2153000.0,60.58693,507.761,7.09,6.4,17557.0,12099.191,163.5,101.814182051946,50.1651235364278,0.7856,4.61,5.51,4.81,4.6,4.71
1998-10-01,8.511,44321.0,277003.0,2164400.0,60.40696,490.487,7.18,6.37,17512.0,12294.737,163.9,101.675745122752,50.6531261382298,1.0894,3.96,5.07,4.53,4.5,4.12
1998-11-01,8.511,44321.0,277277.0,2203750.0,60.40696,490.487,7.34,6.41,17465.0,12294.737,164.1,101.770830689227,55.8790096481152,0.292,4.41,4.83,4.83,4.4,4.53
1998-12-01,8.511,44321.0,277526.0,2220250.0,60.40696,490.487,7.23,6.22,17449.0,12294.737,164.4,101.916213835299,57.0383845600187,0.3831,4.39,4.68,4.65,4.4,4.52
1999-01-01,8.578,44627.0,277790.0,2287200.0,60.04894,523.039,7.29,6.24,17427.0,12410.778,164.7,102.15997324468,58.9662191873068,0.3146,4.34,4.63,4.72,4.3,4.51
1999-02-01,8.578,44627.0,277992.0,2240500.0,60.04894,523.039,7.39,6.4,17395.0,12410.778,164.7,102.371788122092,58.2997286090052,0.0763,4.44,4.76,5.0,4.4,4.7
1999-03-01,8.578,44627.0,278198.0,2227000.0,60.04894,523.039,7.53,6.62,17368.0,12410.778,164.8,102.407673225343,59.7840802400251,0.0591,4.44,4.81,5.23,4.2,4.78
1999-04-01,8.647,44876.0,278451.0,2237500.0,59.19227,537.853,7.48,6.64,17344.0,12514.408,165.9,102.402774768545,62.1668620890372,-0.0058,4.29,4.74,5.18,4.3,4.69
1999-05-01,8.647,44876.0,278717.0,2214400.0,59.19227,537.853,7.72,6.93,17333.0,12514.408,166.0,102.447136301362,62.9455527494763,0.0794,4.5,4.74,5.54,4.2,4.85
1999-06-01,8.647,44876.0,279001.0,2192250.0,59.19227,537.853,8.02,7.23,17295.0,12514.408,166.0,102.458437199452,62.3427125425497,0.0482,4.57,4.76,5.9,4.3,5.1
1999-07-01,8.82,45326.0,279295.0,2193200.0,58.39258,536.775,7.95,7.19,17308.0,12679.977,166.7,102.401951064357,64.2542978108055,0.1319,4.55,4.99,5.79,4.3,5.03
1999-08-01,8.82,45326.0,279602.0,2180250.0,58.39258,536.775,8.15,7.4,17287.0,12679.977,167.1,102.3393175374,61.5005964476692,0.2065,4.72,5.07,5.94,4.2,5.2
1999-09-01,8.82,45326.0,279903.0,2162000.0,58.39258,536.775,8.2,7.39,17281.0,12679.977,167.8,102.328839383624,60.1979430965846,0.2612,4.68,5.22,5.92,4.2,5.25
1999-10-01,8.902,45932.0,280203.0,2102800.0,58.34336,556.245,8.38,7.55,17272.0,12888.281,168.1,102.30789788282,59.3237406289936,0.3138,4.86,5.2,6.11,4.1,5.43
1999-11-01,8.902,45932.0,280471.0,2085750.0,58.34336,556.245,8.15,7.36,17282.0,12888.281,168.4,102.427823627983,62.8075053373,0.09,5.07,5.42,6.03,4.1,5.55
1999-12-01,8.902,45932.0,280716.0,2097250.0,58.34336,556.245,8.19,7.55,17280.0,12888.281,168.8,102.594256330287,63.1987537761486,0.1022,5.2,5.3,6.28,4.0,5.84
2000-01-01,8.989,45983.0,280976.0,2109800.0,57.72134,527.574,8.33,7.78,17284.0,12935.252,169.3,102.827800769754,62.8660189009962,-0.0507,5.32,5.45,6.66,4.0,6.12
2000-02-01,8.989,45983.0,281190.0,2147500.0,57.72134,527.574,8.29,7.68,17285.0,12935.252,170.0,102.881332329826,59.923865914473,0.0844,5.55,5.73,6.52,4.1,6.22
2000-03-01,8.989,45983.0,281409.0,2079000.0,57.72134,527.574,8.37,7.68,17302.0,12935.252,171.0,102.799412356029,61.6246839648728,-0.0055,5.69,5.85,6.26,4.0,6.22
2000-04-01,9.251,46704.0,281653.0,2015400.0,55.48491,519.811,8.4,7.64,17298.0,13170.749,170.9,102.780654799128,64.0181920098078,0.3612,5.66,6.02,5.99,3.8,6.15
2000-05-01,9.251,46704.0,281877.0,1989500.0,55.48491,519.811,8.9,7.99,17279.0,13170.749,171.2,102.755035408298,63.338333076556,0.3788,5.79,6.27,6.44,4.0,6.33
2000-06-01,9.251,46704.0,282126.0,2028250.0,55.48491,519.811,8.48,7.67,17296.0,13170.749,172.2,102.654954678337,64.3315696087416,0.3805,5.69,6.53,6.1,4.0,6.17
2000-07-01,9.37,46624.0,282385.0,2085600.0,54.99213,513.298,8.35,7.65,17322.0,13183.89,172.7,102.621075376436,64.6789448372071,0.1259,5.96,6.54,6.05,4.0,6.08
2000-08-01,9.37,46624.0,282653.0,2117250.0,54.99213,513.298,8.26,7.55,17287.0,13183.89,172.7,102.585777949115,65.9681386953433,0.0063,6.09,6.5,5.83,4.1,6.18
2000-09-01,9.37,46624.0,282932.0,2119600.0,54.99213,513.298,8.35,7.62,17230.0,13183.89,173.6,102.535316129645,66.1083437956433,0.0563,6.0,6.52,5.8,3.9,6.13
2000-10-01,9.546,46777.0,283201.0,2116250.0,54.2579,491.81,8.34,7.55,17217.0,13262.25,173.9,102.424968941411,64.0261528872464,0.3741,6.11,6.51,5.74,3.9,6.01
2000-11-01,9.546,46777.0,283453.0,2211250.0,54.2579,491.81,8.28,7.45,17202.0,13262.25,174.2,102.169429805402,63.9463567980976,0.3014,6.17,6.51,5.72,3.9,6.09
2000-12-01,9.546,46777.0,283696.0,2306400.0,54.2579,491.81,8.02,7.21,17181.0,13262.25,174.6,101.633008304486,63.8902560265013,0.6337,5.77,6.4,5.24,3.9,5.6
2001-01-01,9.499,46519.0,283920.0,2395750.0,55.14434,528.836,7.93,7.15,17104.0,13219.251,175.6,101.101431082544,64.4254143051348,0.4523,5.15,5.98,5.16,4.2,4.81
2001-02-01,9.499,46519.0,284137.0,2486500.0,55.14434,528.836,7.87,7.1,17028.0,13219.251,176.0,100.712925444964,64.1760046978542,0.3953,4.88,5.49,5.1,4.2,4.68
2001-03-01,9.499,46519.0,284350.0,2585400.0,55.14434,528.836,7.84,6.98,16938.0,13219.251,176.1,100.545258511928,59.7594035523308,0.6255,4.42,5.31,4.89,4.3,4.3
2001-04-01,9.459,46698.0,284581.0,2697250.0,54.03165,551.684,8.07,7.2,16802.0,13301.394,176.4,100.511646617762,60.092917488315,0.7242,3.87,4.8,5.14,4.4,3.98
2001-05-01,9.459,46698.0,284810.0,2819250.0,54.03165,551.684,8.07,7.29,16661.0,13301.394,177.3,100.636553125533,63.8312518760744,0.3253,3.62,4.21,5.39,4.3,3.78
2001-06-01,9.459,46698.0,285062.0,2947400.0,54.03165,551.684,7.97,7.18,16515.0,13301.394,177.7,100.716849506944,62.4747183605462,0.3676,3.49,3.97,5.28,4.5,3.58
2001-07-01,9.098,46390.0,285309.0,3030750.0,54.79763,505.61,7.97,7.13,16382.0,13248.142,177.4,100.629432360812,60.7987195162783,0.3498,3.51,3.77,5.24,4.6,3.62
2001-08-01,9.098,46390.0,285570.0,3120000.0,54.79763,505.61,7.85,7.02,16232.0,13248.142,177.4,100.32301428604,59.8657046804808,0.3122,3.36,3.65,4.97,4.9,3.47
2001-09-01,9.098,46390.0,285843.0,3262200.0,54.79763,505.61,8.03,7.17,16117.0,13248.142,178.1,99.8815119429493,54.5954165014004,1.1238,2.64,3.07,4.73,5.0,2.82
2001-10-01,9.086,46400.0,286098.0,3527500.0,55.75216,489.453,7.91,7.03,15972.0,13284.881,177.6,99.7223332464944,55.0646399833664,0.8178,2.16,2.49,4.57,5.3,2.33
2001-11-01,9.086,46400.0,286341.0,3656500.0,55.75216,489.453,7.81,6.97,15825.0,13284.881,177.5,99.8724690969441,56.9918279251659,0.6257,1.87,2.09,4.65,5.5,2.18
2001-12-01,9.086,46400.0,286570.0,3589400.0,55.75216,489.453,8.05,6.77,15711.0,13284.881,177.4,100.235802957901,57.7323768417139,0.6554,1.69,1.82,5.09,5.7,2.22
2002-01-01,9.05,46683.0,286788.0,3550500.0,55.6965,538.088,7.87,6.55,15587.0,13394.91,177.7,100.587149514602,57.6208309001926,0.4566,1.65,1.73,5.04,5.7,2.16
2002-02-01,9.05,46683.0,286994.0,3554250.0,55.6965,538.088,7.89,6.51,15515.0,13394.91,178.0,100.797633390365,56.4110585016786,0.4671,1.72,1.74,4.91,5.7,2.23
2002-03-01,9.05,46683.0,287190.0,3610800.0,55.6965,538.088,8.11,6.81,15443.0,13394.91,178.5,100.987953370515,59.4904195522896,0.1942,1.79,1.73,5.28,5.7,2.57
2002-04-01,9.15,46866.0,287397.0,3689250.0,56.27087,596.152,8.03,6.76,15392.0,13477.356,179.3,101.041564051514,58.1882073181068,0.3351,1.71,1.75,5.21,5.9,2.48
2002-05-01,9.15,46866.0,287623.0,3712000.0,56.27087,596.152,8.09,6.75,15337.0,13477.356,179.5,101.01508298061,57.0232031480119,0.2376,1.73,1.75,5.16,5.8,2.35
2002-06-01,9.15,46866.0,287864.0,3635200.0,56.27087,596.152,7.95,6.63,15298.0,13477.356,179.6,100.760287330149,53.9080649776182,0.6401,1.7,1.75,4.93,5.8,2.2
2002-07-01,9.199,46936.0,288105.0,3504250.0,56.7026,652.139,7.9,6.53,15256.0,13531.741,180.0,100.419162121916,48.2562166257774,1.0036,1.68,1.73,4.65,5.8,1.96
2002-08-01,9.199,46936.0,288360.0,3516800.0,56.7026,652.139,7.58,6.37,15171.0,13531.741,180.5,100.138041469781,48.7076452052338,0.9397,1.62,1.74,4.26,5.7,1.76
2002-09-01,9.199,46936.0,288618.0,3555000.0,56.7026,652.139,7.4,6.15,15119.0,13531.741,180.8,99.8921084649075,46.7630369904512,1.2091,1.63,1.75,3.87,5.7,1.72
2002-10-01,9.132,46883.0,288870.0,3555750.0,57.91028,725.113,7.73,6.32,15060.0,13549.421,181.2,99.706443115907,45.5427749651946,1.0487,1.58,1.75,3.94,5.7,1.65
2002-11-01,9.132,46883.0,289106.0,3482400.0,57.91028,725.113,7.62,6.31,14992.0,13549.421,181.5,99.7217372177733,47.8747501103986,0.8306,1.23,1.34,4.05,5.9,1.49
2002-12-01,9.132,46883.0,289313.0,3482750.0,57.91028,725.113,7.45,6.21,14912.0,13549.421,181.8,99.7191598691062,47.5248461326291,0.7731,1.19,1.24,4.03,6.0,1.45
2003-01-01,9.048,47027.0,289518.0,3414500.0,57.81906,721.524,7.35,6.17,14866.0,13619.434,182.6,99.5375868964998,47.3498941437444,0.6979,1.17,1.24,4.05,5.8,1.36
2003-02-01,9.048,47027.0,289714.0,3437000.0,57.81906,721.524,7.06,5.95,14781.0,13619.434,183.6,99.376541763107,44.3759913048487,0.726,1.17,1.26,3.9,5.9,1.3
2003-03-01,9.048,47027.0,289911.0,3540800.0,57.81906,721.524,6.95,5.89,14721.0,13619.434,183.9,99.4611432182215,44.2455265722382,0.5738,1.13,1.25,3.81,5.9,1.24
2003-04-01,8.932,47342.0,290125.0,3629750.0,58.96101,723.377,6.85,5.74,14609.0,13741.107,183.2,99.9027868707715,46.6297625363917,0.3049,1.13,1.26,3.96,6.0,1.27
2003-05-01,8.932,47342.0,290346.0,3719200.0,58.96101,723.377,6.38,5.22,14557.0,13741.107,182.9,100.338209259099,49.3649327095127,0.305,1.07,1.26,3.57,6.1,1.18
2003-06-01,8.932,47342.0,290584.0,3701500.0,58.96101,723.377,6.19,4.97,14493.0,13741.107,183.1,100.497065759667,52.2927561166465,0.2734,0.92,1.22,3.33,6.3,1.01
2003-07-01,8.941,48012.0,290820.0,3616250.0,58.64541,763.915,6.62,5.49,14402.0,13970.157,183.7,100.49939528489,52.1439345372365,0.116,0.9,1.01,3.98,6.2,1.12
2003-08-01,8.941,48012.0,291072.0,3596400.0,58.64541,763.915,7.01,5.88,14376.0,13970.157,184.5,100.408414765053,52.2689671417125,0.1681,0.95,1.03,4.45,6.1,1.31
2003-09-01,8.941,48012.0,291321.0,3575750.0,58.64541,763.915,6.79,5.72,14347.0,13970.157,185.1,100.372364131852,53.8006399608887,0.0113,0.94,1.01,4.27,6.1,1.24
2003-10-01,9.048,48450.0,291574.0,3486250.0,59.44466,816.612,6.73,5.7,14334.0,14131.379,184.9,100.523254159886,55.2053133705746,-0.2146,0.92,1.01,4.29,6.0,1.25
2003-11-01,9.048,48450.0,291807.0,3373400.0,59.44466,816.612,6.66,5.65,14316.0,14131.379,185.0,100.820684421528,56.1324277913295,-0.2947,0.93,1.0,4.3,5.8,1.34
2003-12-01,9.048,48450.0,292008.0,3270250.0,59.44466,816.612,6.6,5.62,14300.0,14131.379,185.5,101.129229564411,58.5198481064585,-0.3033,0.9,0.98,4.27,5.7,1.31
2004-01-01,9.042,48633.0,292192.0,3148200.0,59.8071,928.229,6.44,5.54,14290.0,14212.34,186.3,101.413605288024,61.4746448395017,-0.4205,0.88,1.0,4.15,5.7,1.24
2004-02-01,9.042,48633.0,292368.0,3114750.0,59.8071,928.229,6.27,5.5,14279.0,14212.34,186.7,101.297963234468,62.4027894914544,-0.4963,0.93,1.01,4.08,5.6,1.24
2004-03-01,9.042,48633.0,292561.0,3046250.0,59.8071,928.229,6.11,5.33,14287.0,14212.34,187.1,101.127144013194,61.5773869871497,-0.4489,0.94,1.0,3.83,5.8,1.19
2004-04-01,9.065,48905.0,292779.0,3000750.0,60.05487,967.703,6.46,5.73,14315.0,14323.017,187.4,100.952952269333,61.8444978395583,-0.5915,0.94,1.0,4.35,5.6,1.43
2004-05-01,9.065,48905.0,292997.0,2975600.0,60.05487,967.703,6.75,6.04,14342.0,14323.017,188.2,100.873179498522,59.7237200899298,-0.4994,1.02,1.0,4.72,5.6,1.78
2004-06-01,9.065,48905.0,293223.0,2950750.0,60.05487,967.703,6.78,6.01,14332.0,14323.017,188.9,101.013563112426,61.3312553882262,-0.6416,1.27,1.03,4.73,5.6,2.12
2004-07-01,9.098,49243.0,293463.0,2917000.0,59.96643,1010.194,6.62,5.82,14330.0,14457.832,189.1,101.126977513709,60.389811388082,-0.5576,1.33,1.26,4.5,5.5,2.1
2004-08-01,9.098,49243.0,293719.0,2891500.0,59.96643,1010.194,6.46,5.65,14345.0,14457.832,189.2,101.101835771515,59.4989423740179,-0.5201,1.48,1.43,4.28,5.4,2.02
2004-09-01,9.098,49243.0,293971.0,2862750.0,59.96643,1010.194,6.27,5.46,14331.0,14457.832,189.8,100.980835186536,61.3456786249972,-0.6513,1.65,1.61,4.13,5.4,2.12
2004-10-01,9.138,49623.0,294230.0,2778000.0,60.63713,1010.647,6.21,5.47,14332.0,14605.595,190.8,100.889982694042,61.8998493521016,-0.6128,1.76,1.76,4.1,5.5,2.23
2004-11-01,9.138,49623.0,294466.0,2734500.0,60.63713,1010.647,6.2,5.52,14307.0,14605.595,191.7,100.955348228128,64.9732163302884,-0.8587,2.07,1.93,4.19,5.4,2.5
2004-12-01,9.138,49623.0,294694.0,2719000.0,60.63713,1010.647,6.15,5.47,14287.0,14605.595,191.7,101.093553654307,66.8493609990995,-0.8425,2.19,2.16,4.23,5.4,2.67
2005-01-01,9.321,50068.0,294914.0,2723800.0,60.91302,1228.657,6.02,5.36,14257.0,14767.846,191.6,101.078567201785,66.0967302803212,-0.771,2.33,2.28,4.22,5.3,2.86
2005-02-01,9.321,50068.0,295105.0,2686500.0,60.91302,1228.657,5.82,5.2,14273.0,14767.846,192.4,100.920123360303,67.8469994282217,-0.9498,2.54,2.5,4.17,5.4,3.03
2005-03-01,9.321,50068.0,295287.0,2659500.0,60.91302,1228.657,6.06,5.4,14269.0,14767.846,193.1,100.686476654325,68.08076825277,-0.9008,2.74,2.63,4.5,5.2,3.3
2005-04-01,9.445,50204.0,295490.0,2604400.0,60.64153,1252.584,6.05,5.33,14250.0,14839.707,193.7,100.494641890975,66.290413745532,-0.7214,2.78,2.79,4.34,5.2,3.32
2005-05-01,9.445,50204.0,295704.0,2586250.0,60.64153,1252.584,6.01,5.15,14256.0,14839.707,193.6,100.56382273008,66.4794143416612,-0.703,2.84,3.0,4.14,5.1,3.33
2005-06-01,9.445,50204.0,295936.0,2600000.0,60.64153,1252.584,5.86,4.96,14227.0,14839.707,193.7,100.818533870117,67.7982039323925,-0.7474,2.97,3.04,4.0,5.0,3.36
2005-07-01,9.557,50470.0,296186.0,2595200.0,60.35856,1296.981,5.95,5.06,14226.0,14956.291,194.9,100.723303869942,69.1415317571108,-0.882,3.22,3.26,4.18,5.0,3.64
2005-08-01,9.557,50470.0,296440.0,2580750.0,60.35856,1296.981,5.96,5.09,14203.0,14956.291,196.1,100.121287366778,70.0831630720183,-0.8883,3.44,3.5,4.26,4.9,3.87
2005-09-01,9.557,50470.0,296707.0,2716500.0,60.35856,1296.981,6.03,5.13,14175.0,14956.291,198.8,99.3895677883771,71.011588696116,-0.8263,3.42,3.62,4.2,5.0,3.85
2005-10-01,9.686,50629.0,296972.0,2803400.0,61.32008,1363.54,6.3,5.35,14192.0,15041.232,199.1,99.1520977188806,69.0557415955378,-0.7915,3.71,3.78,4.46,5.0,4.18
2005-11-01,9.686,50629.0,297207.0,2701250.0,61.32008,1363.54,6.39,5.42,14187.0,15041.232,198.1,99.545644304916,71.1132069551844,-0.8375,3.88,4.0,4.54,5.0,4.33
2005-12-01,9.686,50629.0,297431.0,2639400.0,61.32008,1363.54,6.32,5.37,14193.0,15041.232,198.1,100.132866680404,72.9563842256618,-0.731,3.89,4.16,4.47,4.9,4.35
2006-01-01,9.852,51200.0,297647.0,2557000.0,61.55642,1387.911,6.24,5.29,14210.0,15244.088,199.3,100.397845517821,74.8948110532568,-0.9473,4.24,4.29,4.42,4.7,4.45
2006-02-01,9.852,51200.0,297854.0,2507250.0,61.55642,1387.911,6.27,5.35,14209.0,15244.088,199.4,100.348300349911,75.3682491173962,-1.0603,4.43,4.49,4.57,4.8,4.68
2006-03-01,9.852,51200.0,298060.0,2455500.0,61.55642,1387.911,6.41,5.53,14214.0,15244.088,199.7,100.214567105081,76.5587280952945,-1.0653,4.51,4.59,4.72,4.7,4.77
2006-04-01,9.957,51210.0,298281.0,2401000.0,61.22142,1425.152,6.68,5.84,14226.0,15281.525,200.7,99.9584888674905,78.1582088587708,-1.0628,4.6,4.79,4.99,4.7,4.9
2006-05-01,9.957,51210.0,298496.0,2383750.0,61.22142,1425.152,6.75,5.95,14203.0,15281.525,201.3,99.6714690545963,78.1904269980514,-0.9984,4.72,4.94,5.11,4.6,5.0
2006-06-01,9.957,51210.0,298739.0,2408500.0,61.22142,1425.152,6.78,5.89,14213.0,15281.525,201.8,99.6503315188009,74.7909450170292,-0.8602,4.79,4.99,5.11,4.6,5.16
2006-07-01,10.126,51155.0,298996.0,2449400.0,61.3328,1444.791,6.76,5.85,14188.0,15304.517,202.9,99.6871333414848,75.9610066857322,-0.8865,4.95,5.24,5.09,4.7,5.22
2006-08-01,10.126,51155.0,299263.0,2466250.0,61.3328,1444.791,6.59,5.68,14159.0,15304.517,203.8,99.7871458277665,77.6876741734619,-0.9668,4.96,5.25,4.88,4.7,5.08
2006-09-01,10.126,51155.0,299554.0,2446200.0,61.3328,1444.791,6.43,5.51,14125.0,15304.517,202.8,100.108023599026,78.5390197724781,-0.9018,4.81,5.25,4.72,4.5,4.97
2006-10-01,10.254,51455.0,299835.0,2446250.0,61.82689,1398.202,6.42,5.51,14075.0,15433.643,201.9,100.535399461934,81.0230945054492,-0.9932,4.92,5.25,4.73,4.4,5.01
2006-11-01,10.254,51455.0,300094.0,2476000.0,61.82689,1398.202,6.2,5.33,14041.0,15433.643,202.0,100.770501078653,82.9852166505966,-0.9674,4.94,5.25,4.6,4.5,5.01
2006-12-01,10.254,51455.0,300340.0,2481200.0,61.82689,1398.202,6.22,5.32,14015.0,15433.643,203.1,100.887967580396,85.1180762024554,-0.9461,4.85,5.24,4.56,4.4,4.94
2007-01-01,10.399,51492.0,300574.0,2524250.0,62.25297,1325.943,6.34,5.4,14008.0,15478.956,203.437,100.920529814771,85.5371929852494,-1.0546,4.98,5.25,4.76,4.6,5.06
2007-02-01,10.399,51492.0,300802.0,2569250.0,62.25297,1325.943,6.28,5.39,13997.0,15478.956,204.226,100.693485674449,87.572929832358,-1.1166,5.03,5.26,4.72,4.5,5.05
2007-03-01,10.399,51492.0,301021.0,2519000.0,62.25297,1325.943,6.27,5.3,13970.0,15478.956,205.288,100.416894067384,85.420870517265,-0.8779,4.94,5.26,4.56,4.4,4.92
2007-04-01,10.469,51705.0,301254.0,2496000.0,61.57219,1400.804,6.39,5.47,13945.0,15577.779,205.904,100.239804682959,89.4411136237305,-1.0289,4.87,5.25,4.69,4.5,4.93
2007-05-01,10.469,51705.0,301483.0,2447750.0,61.57219,1400.804,6.39,5.47,13929.0,15577.779,206.755,100.17842786957,92.0211871728723,-0.982,4.73,5.25,4.75,4.4,4.91
2007-06-01,10.469,51705.0,301739.0,2482000.0,61.57219,1400.804,6.7,5.79,13911.0,15577.779,207.234,100.137034967905,92.6925232843958,-0.777,4.61,5.25,5.1,4.6,4.96
2007-07-01,10.595,51882.0,302004.0,2542250.0,61.84826,1345.84,6.65,5.73,13889.0,15671.605,207.603,100.113509633079,93.5409655045815,-0.5979,4.82,5.26,5.0,4.7,4.96
2007-08-01,10.595,51882.0,302267.0,2553000.0,61.84826,1345.84,6.65,5.79,13828.0,15671.605,207.667,99.8803044644265,88.4166891834622,0.6739,4.2,5.02,4.67,4.6,4.47
2007-09-01,10.595,51882.0,302546.0,2537200.0,61.84826,1345.84,6.59,5.74,13790.0,15671.605,208.547,99.6207080025179,91.4896815321224,1.0462,3.89,4.94,4.52,4.7,4.14
2007-10-01,10.703,52066.0,302807.0,2561750.0,62.71924,1368.063,6.48,5.66,13764.0,15767.146,209.19,99.3210319300964,95.1495310340758,0.5751,3.9,4.76,4.53,4.7,4.1
2007-11-01,10.703,52066.0,303054.0,2616750.0,62.71924,1368.063,6.4,5.44,13757.0,15767.146,210.834,99.0302075339871,91.0900454847074,1.2898,3.27,4.49,4.15,4.7,3.5
2007-12-01,10.703,52066.0,303287.0,2712000.0,62.71924,1368.063,6.65,5.49,13746.0,15767.146,211.445,98.8590982176197,91.88257424806,1.6463,3.0,4.24,4.1,5.0,3.26
2008-01-01,10.639,51740.0,303506.0,2798750.0,64.17278,1260.771,6.54,5.33,13725.0,15702.906,212.174,98.694625862133,85.9213755646954,1.3379,2.75,3.94,3.74,5.0,2.71
2008-02-01,10.639,51740.0,303711.0,2844250.0,64.17278,1260.771,6.82,5.53,13696.0,15702.906,212.687,98.2987928883664,84.648946377871,1.1869,2.12,2.98,3.74,4.9,2.05
2008-03-01,10.639,51740.0,303907.0,2912800.0,64.17278,1260.771,6.89,5.51,13659.0,15702.906,213.448,97.821576341829,82.1694608565998,2.0408,1.26,2.61,3.51,5.1,1.54
2008-04-01,10.645,51923.0,304117.0,2964000.0,63.85172,1285.329,6.97,5.55,13599.0,15792.773,213.942,97.2836556443749,85.9222184811301,1.6795,1.29,2.28,3.68,5.0,1.74
2008-05-01,10.645,51923.0,304323.0,3013600.0,63.85172,1285.329,6.93,5.57,13564.0,15792.773,215.208,96.8974400895931,88.2616862168646,1.0208,1.73,1.98,3.88,5.4,2.06
2008-06-01,10.645,51923.0,304556.0,3057750.0,63.85172,1285.329,7.07,5.68,13504.0,15792.773,217.463,96.7759861149423,84.2632652803189,1.2993,1.86,2.0,4.1,5.6,2.42
2008-07-01,10.418,51523.0,304798.0,3176250.0,67.28455,1226.043,7.16,5.67,13430.0,15709.562,219.016,96.9828056694459,78.9506439647417,1.5436,1.63,2.01,4.01,5.8,2.28
2008-08-01,10.418,51523.0,305045.0,3378000.0,67.28455,1226.043,7.15,5.64,13358.0,15709.562,218.69,97.244825746881,78.3181756665947,1.527,1.72,2.0,3.89,6.1,2.18
2008-09-01,10.418,51523.0,305309.0,3521750.0,67.28455,1226.043,7.31,5.65,13275.0,15709.562,218.877,97.3222668662803,74.0719372982561,2.9831,1.13,1.81,3.69,6.1,1.91
2008-10-01,9.548,50281.0,305554.0,3731000.0,73.24516,721.414,8.88,6.28,13147.0,15366.607,216.995,96.9628847576233,57.4156275770414,8.1591,0.67,0.97,3.81,6.5,1.42
2008-11-01,9.548,50281.0,305786.0,4096600.0,73.24516,721.414,9.21,6.12,13034.0,15366.607,213.153,96.7015908373409,51.779607322696,6.4752,0.19,0.39,3.53,6.8,1.07
2008-12-01,9.548,50281.0,306004.0,4522250.0,73.24516,721.414,8.43,5.05,12850.0,15366.607,211.398,96.693987432688,51.7366185845279,5.8832,0.03,0.16,2.42,7.3,0.49
2009-01-01,9.155,49594.0,306208.0,4861200.0,77.10496,1082.708,8.14,5.05,12561.0,15187.475,211.933,96.7013272269196,51.378472757175,3.9672,0.13,0.15,2.52,7.8,0.44
2009-02-01,9.155,49594.0,306402.0,5297000.0,77.10496,1082.708,8.08,5.27,12380.0,15187.475,212.705,96.6748146989484,47.3830488568414,3.7015,0.3,0.22,2.87,8.3,0.62
2009-03-01,9.155,49594.0,306588.0,5765750.0,77.10496,1082.708,8.42,5.5,12208.0,15187.475,212.495,96.880426295469,44.3909764859095,3.649,0.21,0.18,2.82,8.7,0.64
2009-04-01,8.827,49408.0,306787.0,6184500.0,80.28013,1161.627,8.39,5.39,12030.0,15161.772,212.709,97.3367103815273,50.0141656789715,2.6701,0.16,0.15,2.93,9.0,0.55
2009-05-01,8.827,49408.0,306984.0,6525600.0,80.28013,1161.627,8.06,5.54,11862.0,15161.772,213.022,97.7293210679601,54.5226447158739,1.6599,0.18,0.18,3.29,9.4,0.5
2009-06-01,8.827,49408.0,307206.0,6534250.0,80.28013,1161.627,7.5,5.61,11726.0,15161.772,214.79,97.8918684322199,56.0599369779479,1.2809,0.18,0.21,3.72,9.5,0.51
2009-07-01,8.691,49473.0,307439.0,6139000.0,82.42733,1346.957,7.09,5.41,11668.0,15216.647,214.726,97.8458313581952,56.3407218080745,0.9118,0.18,0.16,3.56,9.5,0.48
2009-08-01,8.691,49473.0,307685.0,6047800.0,82.42733,1346.957,6.58,5.26,11626.0,15216.647,215.445,97.8903155622664,61.6001457308858,0.5563,0.17,0.16,3.59,9.6,0.46
2009-09-01,8.691,49473.0,307946.0,5984750.0,82.42733,1346.957,6.31,5.13,11591.0,15216.647,215.861,98.0713926323245,63.9741730404417,0.2559,0.12,0.15,3.4,9.8,0.4
2009-10-01,8.698,49886.0,308189.0,5765600.0,84.02935,1462.942,6.29,5.15,11538.0,15379.155,216.509,98.1015721965128,65.4323248150384,0.2174,0.07,0.12,3.39,10.0,0.37
2009-11-01,8.698,49886.0,308418.0,5460500.0,84.02935,1462.942,6.32,5.19,11509.0,15379.155,217.234,98.1158591600516,66.3718020101684,0.1202,0.05,0.12,3.4,9.9,0.31
2009-12-01,8.698,49886.0,308633.0,5141750.0,84.02935,1462.942,6.37,5.26,11475.0,15379.155,217.347,98.2931524115679,67.1647054030475,-0.1706,0.05,0.12,3.59,9.9,0.37
2010-01-01,8.708,50036.0,308833.0,4839000.0,86.51175,1530.604,6.25,5.26,11460.0,15456.059,217.488,98.4574925028865,67.9826153168218,-0.2605,0.06,0.11,3.73,9.8,0.35
2010-02-01,8.708,50036.0,309027.0,4793750.0,86.51175,1530.604,6.34,5.35,11453.0,15456.059,217.281,98.5135100597066,65.1309353609532,-0.1728,0.11,0.13,3.69,9.8,0.35
2010-03-01,8.708,50036.0,309212.0,4731750.0,86.51175,1530.604,6.27,5.27,11453.0,15456.059,217.353,98.5103619958062,68.8368642946686,-0.4866,0.15,0.16,3.73,9.9,0.4
2010-04-01,8.742,50424.0,309191.211,4728000.0,88.12832,1517.068,6.25,5.29,11489.0,15605.628,217.403,98.4895976170538,71.2205383145324,-0.4399,0.16,0.2,3.85,9.9,0.45
2010-05-01,8.742,50424.0,309367.58,4674800.0,88.12832,1517.068,6.05,4.96,11525.0,15605.628,217.29,98.4883066853097,65.5570764473694,0.6173,0.16,0.2,3.42,9.6,0.37
2010-06-01,8.742,50424.0,309545.555,4583250.0,88.12832,1517.068,6.23,4.88,11545.0,15605.628,217.199,98.3916802036346,63.3849744526077,0.6294,0.12,0.18,3.2,9.4,0.32
2010-07-01,8.671,50706.0,309741.279,4528600.0,89.56529,1600.154,6.01,4.72,11561.0,15726.282,217.605,98.1025049415772,63.6621066448507,0.4221,0.16,0.18,3.01,9.4,0.29
2010-08-01,8.671,50706.0,309951.795,4461250.0,89.56529,1600.154,5.66,4.49,11553.0,15726.282,217.923,97.9261389343516,64.8323556283169,0.314,0.16,0.19,2.7,9.5,0.26
2010-09-01,8.671,50706.0,310168.926,4467750.0,89.56529,1600.154,5.66,4.53,11563.0,15726.282,218.275,97.8744942684278,66.9184801467424,0.03,0.15,0.19,2.65,9.5,0.26
2010-10-01,8.434,50859.0,310390.859,4363400.0,91.61136,1599.159,5.72,4.68,11562.0,15807.995,219.035,97.9745630551128,70.0758577962512,-0.1465,0.13,0.19,2.54,9.4,0.23
2010-11-01,8.434,50859.0,310585.106,4195500.0,91.61136,1599.159,5.92,4.87,11585.0,15807.995,219.59,98.2359602997027,71.2458258075724,-0.1634,0.14,0.19,2.76,9.8,0.25
2010-12-01,8.434,50859.0,310769.486,4100000.0,91.61136,1599.159,6.1,5.02,11595.0,15807.995,220.472,98.4907824028177,73.4390943705826,-0.2745,0.14,0.18,3.29,9.3,0.29
2011-01-01,8.205,50646.0,310946.962,3918400.0,92.95617,1464.223,6.09,5.04,11621.0,15769.911,221.187,98.6007770692545,75.8366296829276,-0.3686,0.15,0.17,3.39,9.1,0.27
2011-02-01,8.205,50646.0,311098.039,3849250.0,92.95617,1464.223,6.15,5.22,11654.0,15769.911,221.898,98.5509429343529,78.3819563434847,-0.379,0.13,0.16,3.58,9.0,0.29
2011-03-01,8.205,50646.0,311248.506,3765500.0,92.95617,1464.223,6.03,5.13,11675.0,15769.911,223.046,98.3034912703714,77.4994228363857,-0.2438,0.1,0.14,3.41,9.0,0.26
2011-04-01,8.044,50897.0,311417.782,3770800.0,92.19383,1529.084,6.02,5.16,11704.0,15876.839,224.093,98.2441600204547,79.3437239954426,-0.4748,0.06,0.1,3.46,9.1,0.25
2011-05-01,8.044,50897.0,311587.063,3773750.0,92.19383,1529.084,5.78,4.96,11713.0,15876.839,224.806,98.2282112230216,78.7945171095646,-0.3767,0.04,0.09,3.17,9.0,0.19
2011-06-01,8.044,50897.0,311769.648,3741750.0,92.19383,1529.084,5.75,4.99,11727.0,15876.839,224.806,97.9160967367879,75.9440546996571,-0.2142,0.04,0.09,3.0,9.1,0.18
2011-07-01,7.533,50769.0,311973.914,3721600.0,94.52097,1539.465,5.76,4.93,11746.0,15870.684,225.395,97.3300614460171,77.6740938531256,-0.3312,0.04,0.07,3.0,9.0,0.19
2011-08-01,7.533,50769.0,312180.558,3716000.0,94.52097,1539.465,5.36,4.37,11764.0,15870.684,226.106,96.8298505596677,68.7667149158278,0.7049,0.02,0.1,2.3,9.0,0.11
2011-09-01,7.533,50769.0,312402.633,3742750.0,94.52097,1539.465,5.27,4.09,11769.0,15870.684,226.597,96.7616105952808,66.5573372831773,0.8024,0.01,0.08,1.98,9.0,0.1
2011-10-01,7.339,51232.0,312616.001,3701600.0,96.09067,1617.095,5.37,3.98,11780.0,16048.702,226.75,96.9969368736542,67.948898659435,0.6126,0.02,0.07,2.15,8.8,0.11
2011-11-01,7.339,51232.0,312799.689,3652500.0,96.09067,1617.095,5.14,3.87,11770.0,16048.702,227.169,97.4456515518793,68.6442110606558,0.897,0.01,0.08,2.01,8.6,0.11
2011-12-01,7.339,51232.0,312978.205,3573400.0,96.09067,1617.095,5.25,3.93,11802.0,16048.702,227.223,98.0006954809067,69.3681826206553,0.6144,0.01,0.07,1.98,8.5,0.12
2012-01-01,7.264,51559.0,313149.997,3451250.0,97.12296,1880.022,5.23,3.85,11838.0,16179.968,227.842,98.473878883991,72.3130516712457,0.3767,0.03,0.08,1.97,8.3,0.12
2012-02-01,7.264,51559.0,313304.12,3381750.0,97.12296,1880.022,5.14,3.85,11860.0,16179.968,228.329,98.7376808866279,75.6141934015565,0.0879,0.09,0.1,1.97,8.3,0.16
2012-03-01,7.264,51559.0,313462.838,3336800.0,97.12296,1880.022,5.23,3.99,11898.0,16179.968,228.807,98.864807775663,76.4875484852558,-0.0837,0.08,0.13,2.17,8.2,0.19
2012-04-01,7.183,51702.0,313628.923,3323000.0,97.82754,1801.743,5.19,3.96,11916.0,16253.726,229.187,98.9004346238424,75.3468952343846,0.031,0.08,0.14,2.05,8.2,0.18
2012-05-01,7.183,51702.0,313790.652,3328000.0,97.82754,1801.743,5.07,3.8,11927.0,16253.726,228.713,98.8432092823414,72.1718163397478,0.1416,0.09,0.16,1.8,8.2,0.19
2012-06-01,7.183,51702.0,313976.041,3324400.0,97.82754,1801.743,5.02,3.64,11936.0,16253.726,228.524,98.6336546173765,70.7619917740722,0.1833,0.09,0.16,1.62,8.2,0.19
2012-07-01,6.939,51684.0,314167.558,3305750.0,98.44787,1818.331,4.87,3.4,11964.0,16282.151,228.59,98.5598155811891,72.7995081114316,-0.0004,0.1,0.16,1.53,8.2,0.19
2012-08-01,6.939,51684.0,314377.381,3306250.0,98.44787,1818.331,4.91,3.48,11960.0,16282.151,229.918,98.7339267908577,75.0352034683201,-0.1982,0.1,0.13,1.68,8.1,0.18
2012-09-01,6.939,51684.0,314600.057,3314400.0,98.44787,1818.331,4.84,3.49,11954.0,16282.151,231.015,99.0581206829221,77.4222491539226,-0.413,0.11,0.14,1.72,7.8,0.18
2012-10-01,6.728,51634.0,314805.556,3276250.0,100.07517,1785.961,4.58,3.47,11961.0,16300.035,231.638,99.2906071516335,77.609189287656,-0.519,0.1,0.16,1.75,7.8,0.18
2012-11-01,6.728,51634.0,315003.708,3326250.0,100.07517,1785.961,4.51,3.5,11950.0,16300.035,231.249,99.2020613527275,76.134928443419,-0.4241,0.09,0.16,1.65,7.7,0.18
2012-12-01,6.728,51634.0,315180.866,3190200.0,100.07517,1785.961,4.63,3.65,11960.0,16300.035,231.221,98.8597625577386,78.3935698588068,-0.5671,0.07,0.16,1.72,7.9,0.16
2013-01-01,6.722,51998.0,315335.976,3132750.0,100.85592,1766.372,4.73,3.8,11983.0,16441.485,231.679,98.7281544953015,81.9272628677047,-0.6931,0.07,0.14,1.91,8.0,0.15
2013-02-01,6.722,51998.0,315464.793,3058750.0,100.85592,1766.372,4.85,3.9,11996.0,16441.485,232.937,98.8337189913383,83.3436434500944,-0.6552,0.1,0.15,1.98,7.7,0.16
2013-03-01,6.722,51998.0,315605.141,3037800.0,100.85592,1766.372,4.85,3.93,11999.0,16441.485,232.282,99.0047149130593,84.6809772023884,-0.6994,0.09,0.14,1.96,7.5,0.15
2013-04-01,6.636,51982.0,315759.039,3041500.0,100.23216,1757.557,4.59,3.73,12000.0,16464.402,231.797,99.2221662839715,85.1552581829625,-0.6564,0.06,0.15,1.76,7.6,0.12
2013-05-01,6.636,51982.0,315923.105,3012250.0,100.23216,1757.557,4.73,3.89,12000.0,16464.402,231.893,99.5690117861168,88.4165955260805,-0.6577,0.04,0.11,1.93,7.5,0.12
2013-06-01,6.636,51982.0,316108.76,2992800.0,100.23216,1757.557,5.19,4.27,12004.0,16464.402,232.445,99.7483334564498,86.20319062602,-0.1591,0.05,0.09,2.3,7.5,0.14
2013-07-01,6.607,52284.0,316294.766,3020250.0,98.97766,1792.757,5.32,4.34,11984.0,16594.743,232.9,99.7096891187631,88.4996696235863,-0.4213,0.04,0.09,2.58,7.3,0.12
2013-08-01,6.607,52284.0,316514.531,2934400.0,98.97766,1792.757,5.42,4.54,12014.0,16594.743,233.456,99.4217325437708,88.9430436682224,-0.3719,0.04,0.08,2.74,7.2,0.13
2013-09-01,6.607,52284.0,316738.543,2895750.0,98.97766,1792.757,5.47,4.64,12032.0,16594.743,233.544,99.0310032107542,90.1150721419396,-0.3994,0.02,0.08,2.81,7.2,0.12
2013-10-01,6.47,52544.0,316952.905,2928500.0,100.13427,1838.838,5.31,4.53,12056.0,16712.76,233.669,98.7894466106763,92.1681356046497,-0.5028,0.05,0.09,2.62,7.2,0.12
2013-11-01,6.47,52544.0,317156.876,2851200.0,100.13427,1838.838,5.38,4.63,12079.0,16712.76,234.1,98.8924746289852,94.6492133014086,-0.6316,0.07,0.08,2.72,6.9,0.12
2013-12-01,6.47,52544.0,317338.617,2858500.0,100.13427,1838.838,5.38,4.62,12083.0,16712.76,234.719,99.2038968226664,95.0910888279387,-0.6186,0.07,0.09,2.9,6.7,0.13
2014-01-01,6.294,52266.0,317519.206,2876750.0,102.6653,1767.596,5.19,4.49,12081.0,16654.247,235.288,99.3811687074569,95.9823324715293,-0.5995,0.04,0.07,2.86,6.6,0.12
2014-02-01,6.294,52266.0,317677.384,2848750.0,102.6653,1767.596,5.1,4.45,12106.0,16654.247,235.547,99.4530457014635,95.3644747249166,-0.6261,0.05,0.07,2.71,6.7,0.12
2014-03-01,6.294,52266.0,317838.92,2779200.0,102.6653,1767.596,5.06,4.38,12120.0,16654.247,236.028,99.486122189225,97.5370450065864,-0.6703,0.05,0.08,2.72,6.7,0.13
2014-04-01,6.252,52840.0,318009.154,2721000.0,100.97295,1865.14,4.9,4.24,12134.0,16868.109,236.468,99.5610126972895,98.4552619760864,-0.673,0.03,0.09,2.71,6.2,0.11
2014-05-01,6.252,52840.0,318187.658,2667400.0,100.97295,1865.14,4.76,4.16,12146.0,16868.109,236.918,99.5470427281176,99.7269419038579,-0.7438,0.03,0.09,2.56,6.3,0.1
2014-06-01,6.252,52840.0,318380.521,2588750.0,100.97295,1865.14,4.8,4.25,12170.0,16868.109,237.231,99.5199544902515,102.133842954366,-0.8564,0.04,0.1,2.6,6.1,0.1
2014-07-01,6.256,53340.0,318576.955,2533500.0,100.45563,1917.769,4.73,4.16,12189.0,17064.616,237.498,99.5115569347763,102.877388907126,-0.7661,0.03,0.09,2.54,6.2,0.11
2014-08-01,6.256,53340.0,318806.531,2504800.0,100.45563,1917.769,4.69,4.08,12208.0,17064.616,237.46,99.6089012475615,101.528347982128,-0.664,0.03,0.09,2.42,6.1,0.11
2014-09-01,6.256,53340.0,319036.2,2447750.0,100.45563,1917.769,4.8,4.11,12226.0,17064.616,237.477,99.8185038959855,102.387935430728,-0.5818,0.02,0.09,2.53,5.9,0.11
2014-10-01,6.144,53464.0,319262.799,2423250.0,101.61828,1879.109,4.69,3.92,12259.0,17141.235,237.43,100.113176824901,98.0721096278383,-0.3329,0.02,0.09,2.3,5.7,0.1
2014-11-01,6.144,53464.0,319471.435,2408800.0,101.61828,1879.109,4.79,3.92,12284.0,17141.235,236.983,100.474730198526,102.260186762185,-0.461,0.02,0.09,2.33,5.8,0.13
2014-12-01,6.144,53464.0,319651.541,2380000.0,101.61828,1879.109,4.74,3.79,12292.0,17141.235,236.252,100.875633946635,101.376529366506,-0.2571,0.03,0.12,2.21,5.6,0.21
2015-01-01,6.036,53806.0,319832.19,2349800.0,100.89325,1770.989,4.45,3.46,12292.0,17280.647,234.747,101.145740696457,100.079093658786,-0.0189,0.03,0.11,1.88,5.7,0.2
2015-02-01,6.036,53806.0,319976.213,2340250.0,100.89325,1770.989,4.51,3.61,12301.0,17280.647,235.342,101.148080059572,102.775583333294,-0.2981,0.02,0.11,1.98,5.5,0.22
2015-03-01,6.036,53806.0,320130.646,2326500.0,100.89325,1770.989,4.54,3.64,12312.0,17280.647,235.976,101.049406289903,102.253724402852,-0.2387,0.03,0.11,2.04,5.4,0.25
2015-04-01,6.068,54021.0,320300.314,2281500.0,99.77075,1789.321,4.48,3.52,12318.0,17380.875,236.222,100.993466275915,103.848803269392,-0.3787,0.02,0.12,1.94,5.4,0.23
2015-05-01,6.068,54021.0,320480.147,2260400.0,99.77075,1789.321,4.89,3.98,12333.0,17380.875,237.001,100.91132429278,104.406813949143,-0.3694,0.02,0.12,2.2,5.6,0.24
2015-06-01,6.068,54021.0,320667.889,2273750.0,99.77075,1789.321,5.13,4.19,12334.0,17380.875,237.657,100.925723745847,103.163231235861,-0.3033,0.02,0.13,2.36,5.3,0.28
2015-07-01,6.026,54081.0,320870.703,2244750.0,99.146,1732.347,5.2,4.15,12349.0,17437.08,238.034,100.808472949188,101.693840575468,-0.1764,0.03,0.13,2.32,5.2,0.3
2015-08-01,6.026,54081.0,321093.062,2254000.0,99.146,1732.347,5.19,4.04,12345.0,17437.08,238.033,100.614830961909,98.640141647424,0.0858,0.07,0.14,2.17,5.1,0.38
2015-09-01,6.026,54081.0,321316.348,2243000.0,99.146,1732.347,5.34,4.07,12354.0,17437.08,237.498,100.440322112938,93.2241225825274,0.1925,0.02,0.14,2.17,5.0,0.37
2015-10-01,5.973,54045.0,321539.88,2207600.0,103.21895,1635.297,5.34,3.95,12362.0,17462.579,237.733,100.470203479546,96.7003099591045,0.1205,0.02,0.12,2.07,5.0,0.26
2015-11-01,5.973,54045.0,321741.248,2208500.0,103.21895,1635.297,5.46,4.06,12357.0,17462.579,238.017,100.589290243711,97.660672750338,-0.0357,0.12,0.12,2.26,5.1,0.48
2015-12-01,5.973,54045.0,321926.178,2203750.0,103.21895,1635.297,5.46,3.97,12362.0,17462.579,237.761,100.688481512597,95.553662635809,0.2801,0.23,0.24,2.24,5.0,0.65
2016-01-01,5.895,54267.0,322114.094,2207600.0,104.55696,1696.75,5.45,4.0,12383.0,17565.465,237.652,100.701862605538,89.2078130860903,0.5987,0.26,0.34,2.09,4.8,0.54
2016-02-01,5.895,54267.0,322277.451,2200500.0,104.55696,1696.75,5.34,3.96,12365.0,17565.465,237.336,100.663702836295,88.2409879355244,0.6927,0.31,0.38,1.78,4.9,0.53
2016-03-01,5.895,54267.0,322428.943,2167250.0,104.55696,1696.75,5.13,3.82,12342.0,17565.465,238.08,100.622987165741,94.195068657885,0.1299,0.29,0.36,1.89,5.0,0.66
2016-04-01,5.767,54334.0,322596.809,2149000.0,104.13706,1758.389,4.79,3.62,12353.0,17618.581,238.992,100.645532343915,96.8375180231924,0.1007,0.23,0.37,1.81,5.1,0.56
2016-05-01,5.767,54334.0,322773.714,2169750.0,104.13706,1758.389,4.68,3.65,12332.0,17618.581,239.557,100.770600783811,96.8365814493761,0.0575,0.27,0.37,1.81,4.8,0.59
2016-06-01,5.767,54334.0,322960.309,2156750.0,104.13706,1758.389,4.53,3.5,12350.0,17618.581,240.222,100.748064535273,97.5245885748296,0.2113,0.27,0.38,1.64,4.9,0.55
2016-07-01,5.695,54549.0,323161.011,2134600.0,104.25015,1753.676,4.22,3.28,12372.0,17724.489,240.101,100.598165761682,99.9992039122561,0.1391,0.3,0.39,1.5,4.8,0.51
2016-08-01,5.695,54549.0,323369.427,2145000.0,104.25015,1753.676,4.24,3.32,12348.0,17724.489,240.545,100.489878479729,101.047979271748,0.1807,0.3,0.4,1.56,4.9,0.57
2016-09-01,5.695,54549.0,323576.012,2109500.0,104.25015,1753.676,4.31,3.41,12347.0,17724.489,241.176,100.470298349159,100.230163015356,0.2654,0.29,0.4,1.63,5.0,0.59
2016-10-01,5.672,54714.0,323783.987,2072600.0,105.31835,1823.484,4.38,3.51,12345.0,17812.56,241.741,100.548900869924,99.0518594970692,0.0654,0.33,0.4,1.76,4.9,0.66
2016-11-01,5.672,54714.0,323968.882,2044750.0,105.31835,1823.484,4.71,3.86,12342.0,17812.56,242.026,100.885325106302,99.854222285493,-0.0134,0.45,0.41,2.14,4.7,0.74
2016-12-01,5.672,54714.0,324135.365,2048400.0,105.31835,1823.484,4.83,4.06,12355.0,17812.56,242.637,101.230189470291,103.843652113402,-0.1835,0.51,0.54,2.49,4.7,0.87
2017-01-01,5.608,54866.0,324296.746,2081000.0,103.64643,1932.265,4.66,3.92,12366.0,17889.094,243.618,101.381627283364,105.023547807176,-0.1831,0.51,0.65,2.43,4.7,0.83
2017-02-01,5.608,54866.0,324427.384,2059750.0,103.64643,1932.265,4.64,3.95,12380.0,17889.094,244.006,101.369062277901,106.974431066528,-0.2656,0.52,0.66,2.42,4.6,0.82
2017-03-01,5.608,54866.0,324559.999,2017500.0,103.64643,1932.265,4.68,4.01,12393.0,17889.094,243.892,101.337814411305,107.7979604232,-0.4238,0.74,0.79,2.48,4.4,1.01
2017-04-01,5.517,55057.0,324704.641,1955400.0,102.79752,1912.702,4.57,3.87,12400.0,17979.218,244.193,101.297344938754,107.274322002507,-0.421,0.8,0.9,2.3,4.4,1.04
2017-05-01,5.517,55057.0,324861.316,1896250.0,102.79752,1912.702,4.55,3.85,12409.0,17979.218,244.004,101.224591534172,108.387908270087,-0.6126,0.89,0.91,2.3,4.4,1.12
2017-06-01,5.517,55057.0,325027.016,1916750.0,102.79752,1912.702,4.37,3.68,12422.0,17979.218,244.163,101.116452305174,109.926137105978,-0.6681,0.98,1.04,2.19,4.3,1.2
2017-07-01,5.483,55413.0,325206.03,1927200.0,103.4915,1964.901,4.39,3.7,12423.0,18127.994,244.243,101.074553740048,111.184705000321,-0.6974,1.07,1.15,2.32,4.3,1.22
2017-08-01,5.483,55413.0,325386.457,1923500.0,103.4915,1964.901,4.31,3.63,12467.0,18127.994,245.183,101.173099088833,110.952622008642,-0.5474,1.01,1.16,2.21,4.4,1.23
2017-09-01,5.483,55413.0,325565.293,1892800.0,103.4915,1964.901,4.3,3.63,12477.0,18127.994,246.435,101.296519707712,112.86192139055,-0.6535,1.03,1.15,2.2,4.3,1.28
2017-10-01,5.501,55877.0,325741.643,1902750.0,103.0058,1779.136,4.32,3.6,12490.0,18310.3,246.626,101.449424151694,115.632306739164,-0.7712,1.07,1.15,2.36,4.2,1.4
2017-11-01,5.501,55877.0,325898.856,1963500.0,103.0058,1779.136,4.27,3.57,12505.0,18310.3,247.284,101.428930334997,115.948587716928,-0.7692,1.23,1.16,2.35,4.2,1.56
2017-12-01,5.501,55877.0,326036.736,1971000.0,103.0058,1779.136,4.22,3.51,12533.0,18310.3,247.805,101.344575461243,119.044807096232,-0.7072,1.32,1.3,2.4,4.1,1.7
2018-01-01,5.531,56195.0,326163.263,1979500.0,104.63475,1927.686,4.26,3.55,12561.0,18437.127,248.859,101.374489907443,124.243166406221,-0.7181,1.41,1.41,2.58,4.0,1.8
2018-02-01,5.531,56195.0,326268.894,1974250.0,104.63475,1927.686,4.51,3.82,12584.0,18437.127,249.529,101.537373995455,119.489117714685,-0.3169,1.57,1.42,2.86,4.1,1.96
2018-03-01,5.531,56195.0,326377.173,1945400.0,104.63475,1927.686,4.64,3.87,12610.0,18437.127,249.577,101.638554460995,118.081728240932,0.0112,1.7,1.51,2.84,4.0,2.06
2018-04-01,5.599,56512.0,326496.848,1877500.0,103.54111,1958.009,4.67,3.85,12631.0,18565.697,250.227,101.587682061463,117.40130736339,0.0152,1.76,1.69,2.87,4.0,2.15
2018-05-01,5.599,56512.0,326628.822,1755500.0,103.54111,1958.009,4.83,4.0,12657.0,18565.697,250.792,101.50179833113,118.303508920631,-0.2478,1.86,1.7,2.98,3.8,2.27
2018-06-01,5.599,56512.0,326769.726,1679400.0,103.54111,1958.009,4.83,3.96,12691.0,18565.697,251.018,101.443829878379,118.59993453349,-0.2552,1.9,1.82,2.91,4.0,2.33
2018-07-01,5.606,56831.0,326923.976,1654000.0,104.00623,1972.299,4.79,3.87,12711.0,18699.748,251.214,101.412355776869,119.529577703549,-0.4698,1.96,1.91,2.89,3.8,2.39
2018-08-01,5.606,56831.0,327086.833,1614000.0,104.00623,1972.299,4.77,3.88,12725.0,18699.748,251.663,101.423605103081,121.281532684319,-0.5903,2.03,1.91,2.89,3.8,2.45
2018-09-01,5.606,56831.0,327248.127,1551000.0,104.00623,1972.299,4.88,3.98,12744.0,18699.748,252.182,101.506887410635,122.261188896168,-0.7818,2.13,1.95,3.0,3.7,2.56
2018-10-01,5.577,56851.0,327407.004,1592750.0,105.54691,1982.179,5.07,4.14,12767.0,18733.741,252.772,101.489096183351,117.418446664228,-0.5386,2.25,2.19,3.15,3.8,2.65
2018-11-01,5.577,56851.0,327546.8,1685000.0,105.54691,1982.179,5.22,4.22,12777.0,18733.741,252.594,101.379993681135,115.529377276752,-0.2187,2.33,2.2,3.12,3.8,2.7
2018-12-01,5.577,56851.0,327667.595,1749600.0,105.54691,1982.179,5.13,4.02,12796.0,18733.741,252.767,101.209784031325,108.75523252084,0.352,2.37,2.27,2.83,3.9,2.66
2019-01-01,5.611,57100.0,327776.541,1810000.0,104.82935,1964.614,5.12,3.93,12833.0,18835.411,252.718,101.00605576455,111.166160838758,-0.1009,2.37,2.4,2.71,4.0,2.58
2019-02-01,5.611,57100.0,327871.957,1870500.0,104.82935,1964.614,4.95,3.79,12822.0,18835.411,253.322,101.060107803707,117.223451995675,-0.3787,2.39,2.4,2.68,3.8,2.55
2019-03-01,5.611,57100.0,327970.02,1870600.0,104.82935,1964.614,4.84,3.77,12822.0,18835.411,254.202,101.277645220628,118.282997954054,-0.5407,2.4,2.41,2.57,3.8,2.49
2019-04-01,5.598,57418.0,328079.473,1753750.0,103.52961,2007.327,4.7,3.69,12820.0,18962.175,255.211,101.437105299211,121.037836177318,-0.7326,2.38,2.42,2.53,3.6,2.42
2019-05-01,5.598,57418.0,328201.245,1696250.0,103.52961,2007.327,4.63,3.67,12815.0,18962.175,255.29,101.52478906872,118.64245498475,-0.4494,2.35,2.39,2.4,3.7,2.34
2019-06-01,5.598,57418.0,328331.949,1631000.0,103.52961,2007.327,4.46,3.42,12820.0,18962.175,255.159,101.431226716447,120.173472202255,-0.3621,2.17,2.38,2.07,3.6,2.0
2019-07-01,5.561,57845.0,328475.998,1576250.0,105.51538,1985.362,4.28,3.29,12826.0,19130.932,255.685,101.199901005286,123.43003301891,-0.5071,2.1,2.4,2.06,3.7,1.96
2019-08-01,5.561,57845.0,328646.02,1548600.0,105.51538,1985.362,3.87,2.98,12825.0,19130.932,256.059,100.904547862887,118.284028185252,-0.0271,1.95,2.13,1.63,3.7,1.77
2019-09-01,5.561,57845.0,328814.479,1505250.0,105.51538,1985.362,3.91,3.03,12823.0,19130.932,256.511,100.9045111776,121.758904358487,-0.1865,1.89,2.04,1.7,3.5,1.8
2019-10-01,5.47,58017.0,328980.52,1605750.0,106.88663,2072.258,3.92,3.01,12772.0,19215.691,257.244,101.10684529483,121.350932804107,-0.005,1.65,1.83,1.71,3.6,1.61
2019-11-01,5.47,58017.0,329127.484,1705400.0,106.88663,2072.258,3.94,3.06,12815.0,19215.691,257.803,101.374846143783,125.88704076859,-0.1634,1.54,1.55,1.81,3.6,1.57
2019-12-01,5.47,58017.0,329255.444,1818500.0,106.88663,2072.258,3.88,3.01,12801.0,19215.691,258.616,101.60205159534,128.520311710498,-0.2912,1.54,1.55,1.86,3.6,1.55
2020-01-01,5.287,57279.0,329371.559,1863500.0,107.827,1938.608,3.77,2.94,12790.0,18989.877,259.037,101.600429664259,130.905203276323,-0.3709,1.52,1.55,1.76,3.5,1.53
2020-02-01,5.287,57279.0,329474.136,1876200.0,107.827,1938.608,3.61,2.78,12785.0,18989.877,259.248,101.173536617509,128.693577866513,-0.2427,1.52,1.58,1.5,3.5,1.41
2020-03-01,5.287,57279.0,329579.358,3779500.0,107.827,1938.608,4.29,3.02,12720.0,18989.877,258.124,100.178211617334,100.458031424861,3.787,0.29,0.65,0.87,4.4,0.33
2020-04-01,1.567,52393.0,331696.325,17032000.0,134.83528,1822.599,4.13,2.43,11414.0,17378.712,256.092,99.0956442767554,101.804075313647,2.3976,0.14,0.05,0.66,14.7,0.18
2020-05-01,1.567,52393.0,331671.367,20326400.0,134.83528,1822.599,3.95,2.5,11646.0,17378.712,255.868,98.5969691146277,105.655547818415,0.657,0.13,0.05,0.67,13.2,0.16
2020-06-01,1.567,52393.0,331699.141,17678500.0,134.83528,1822.599,3.64,2.44,11977.0,17378.712,256.986,98.5473170617208,113.166214223466,0.2219,0.16,0.08,0.73,11.0,0.18
2020-07-01,1.261,56479.0,331757.805,16563000.0,126.1345,2390.745,3.31,2.14,12018.0,18743.72,258.278,98.5645633348273,115.094338739081,0.0025,0.13,0.09,0.62,10.2,0.15
2020-08-01,1.261,56479.0,331832.647,14013400.0,126.1345,2390.745,3.27,2.25,12044.0,18743.72,259.411,98.7658229486338,120.63801281514,-0.2643,0.1,0.1,0.65,8.4,0.13
2020-09-01,1.261,56479.0,331907.154,11824250.0,126.1345,2390.745,3.36,2.31,12101.0,18743.72,260.029,99.0773900684417,119.745551625588,-0.0248,0.11,0.09,0.68,7.9,0.13
2020-10-01,1.233,56993.0,331993.786,7871400.0,127.84231,2291.749,3.44,2.35,12125.0,18924.262,260.286,99.2257110746962,121.471095224738,-0.0027,0.1,0.09,0.79,6.9,0.13
2020-11-01,1.233,56993.0,332057.046,5948250.0,127.84231,2291.749,3.3,2.3,12159.0,18924.262,260.813,99.182733614122,128.247956044718,-0.2499,0.09,0.09,0.87,6.7,0.12
2020-12-01,1.233,56993.0,332069.17,5384500.0,127.84231,2291.749,3.16,2.26,12199.0,18924.262,262.035,99.1857891870121,134.594086566581,-0.449,0.09,0.09,0.93,6.7,0.1
2021-01-01,1.215,57882.0,332024.15,4944600.0,126.07672,2587.196,3.24,2.45,12196.0,19216.224,262.65,99.1918580304013,138.83573572322,-0.4671,0.08,0.09,1.08,6.3,0.1
2021-02-01,1.215,57882.0,331959.692,4431750.0,126.07672,2587.196,3.42,2.7,12222.0,19216.224,263.638,99.3310661562212,142.342923693117,-0.6947,0.04,0.08,1.26,6.2,0.07
2021-03-01,1.215,57882.0,331975.37,3975250.0,126.07672,2587.196,3.74,3.04,12270.0,19216.224,264.914,99.6963692871806,144.964862091847,-0.6117,0.03,0.07,1.61,6.1,0.08
2021-04-01,1.201,58842.0,332038.862,3788000.0,123.78842,2824.269,3.6,2.9,12228.0,19544.248,266.67,99.9400247982345,150.286006229152,-0.8698,0.02,0.07,1.64,6.1,0.06
2021-05-01,1.201,58842.0,332106.81,3621600.0,123.78842,2824.269,3.62,2.96,12259.0,19544.248,268.444,99.881466519696,153.506602611261,-0.8757,0.02,0.06,1.62,5.8,0.05
2021-06-01,1.201,58842.0,332181.181,3264250.0,123.78842,2824.269,3.44,2.79,12276.0,19544.248,270.559,99.6721436676442,155.217816631022,-0.912,0.04,0.08,1.52,5.9,0.07
2021-07-01,1.195,59169.0,332281.395,2872200.0,120.71513,2827.118,3.24,2.57,12349.0,19672.594,271.764,99.205293833082,154.784932213129,-0.827,0.05,0.1,1.32,5.4,0.08
2021-08-01,1.195,59169.0,332433.994,2605500.0,120.71513,2827.118,3.24,2.55,12395.0,19672.594,272.87,98.6376439362823,156.607785831792,-0.8048,0.05,0.09,1.28,5.2,0.07
2021-09-01,1.195,59169.0,332544.706,2521750.0,120.71513,2827.118,3.23,2.53,12437.0,19672.594,274.028,98.3396347383252,155.120974898417,-0.7176,0.04,0.08,1.37,4.8,0.08
2021-10-01,1.202,60117.0,332642.317,2312400.0,121.63566,2760.777,3.35,2.68,12496.0,20006.181,276.522,98.1534856167397,156.854104745479,-0.7889,0.05,0.08,1.58,4.5,0.11
2021-11-01,1.202,60117.0,332741.721,1993500.0,121.63566,2760.777,3.28,2.62,12540.0,20006.181,278.711,97.99156732336,159.942831534253,-0.7063,0.05,0.08,1.56,4.2,0.18
2021-12-01,1.202,60117.0,332838.487,1791500.0,121.63566,2760.777,3.3,2.65,12584.0,20006.181,280.887,97.8903911395551,157.338219751124,-0.6091,0.06,0.08,1.47,3.9,0.3
2022-01-01,1.203,59836.0,332913.239,1778000.0,122.87943,2833.431,3.58,2.93,12617.0,19924.088,282.599,97.6559018465834,158.100309865447,-0.5845,0.15,0.08,1.76,4.0,0.55
2022-02-01,1.203,59836.0,332923.325,1722000.0,122.87943,2833.431,3.97,3.25,12654.0,19924.088,284.61,97.3491192660677,155.27344911571,-0.4199,0.33,0.08,1.93,3.8,1.0
2022-03-01,1.203,59836.0,332993.972,1653500.0,122.87943,2833.431,4.29,3.43,12716.0,19924.088,287.472,97.1121331115049,152.955709892514,-0.1971,0.44,0.2,2.13,3.6,1.34
2022-04-01,1.224,59688.0,333117.831,1518600.0,121.071,3043.114,4.66,3.76,12768.0,19895.271,288.611,96.9462457033604,153.593891290941,-0.3783,0.76,0.33,2.75,3.6,1.89
2022-05-01,1.224,59688.0,333250.655,1411750.0,121.071,3043.114,5.12,4.13,12789.0,19895.271,291.268,96.5404636821691,144.418277612655,0.3131,0.98,0.77,2.9,3.6,2.06
2022-06-01,1.224,59688.0,333383.566,1350750.0,121.071,3043.114,5.27,4.24,12819.0,19895.271,294.728,96.1342288756441,139.729508116115,-0.1816,1.49,1.21,3.14,3.6,2.65
2022-07-01,1.258,60080.0,333537.25,1334800.0,120.23396,2890.812,5.21,4.06,12860.0,20054.663,294.628,96.1062114369441,137.487350399894,0.0045,2.23,1.68,2.9,3.5,3.02
2022-08-01,1.258,60080.0,333709.887,1334500.0,120.23396,2890.812,5.15,4.07,12891.0,20054.663,295.32,96.3713230899399,144.21860007502,-0.4928,2.63,2.33,2.9,3.7,3.28
2022-09-01,1.258,60080.0,333887.159,1295750.0,120.23396,2890.812,5.69,4.59,12917.0,20054.663,296.539,96.5889527038536,135.133459427388,-0.2479,3.13,2.56,3.52,3.5,3.89
2022-10-01,1.309,60376.0,334064.228,1386600.0,120.20697,2721.294,6.26,5.1,12954.0,20182.491,297.987,96.70282898079,131.97786126813,-0.1474,3.72,3.08,3.98,3.7,4.43
2022-11-01,1.309,60376.0,334216.939,1512500.0,120.20697,2721.294,6.07,4.9,12968.0,20182.491,298.598,96.7714490114073,142.09089167915,-0.3659,4.15,3.78,3.89,3.6,4.73
2022-12-01,1.309,60376.0,334356.155,1624800.0,120.20697,2721.294,5.59,4.43,12974.0,20182.491,298.99,96.9983765067316,143.19295808879,0.014,4.25,4.1,3.62,3.5,4.68
2023-01-01,1.376,60611.0,334483.547,1660000.0,118.57786,2688.024,5.5,4.4,12985.0,20282.76,300.536,97.3031854956619,147.018019211939,-0.334,4.54,4.33,3.53,3.4,4.69
2023-02-01,1.376,60611.0,334582.114,1734000.0,118.57786,2688.024,5.59,4.56,12988.0,20282.76,301.648,97.4429545591274,148.239217811012,-0.5427,4.65,4.57,3.75,3.6,4.93
2023-03-01,1.376,60611.0,334691.406,1804000.0,118.57786,2688.024,5.71,4.6,12976.0,20282.76,301.808,97.3322140457464,141.134556155327,0.1542,4.69,4.65,3.66,3.5,4.68
2023-04-01,1.376,60611.0,334815.541,1823200.0,118.57786,2688.024,5.53,4.47,12986.0,20282.76,302.918,97.1554823986755,145.176059487422,-0.3975,4.92,4.83,3.46,3.4,4.68
2023-05-01,1.376,60611.0,334944.293,1784250.0,118.57786,2688.024,5.77,4.67,12984.0,20282.76,303.294,96.8772795491935,142.583248534379,-0.4474,5.14,5.06,3.57,3.7,4.91
2023-06-01,1.376,60611.0,335082.618,1758333.0,118.57786,2688.024,5.75,4.65,12984.0,20282.76,303.294,96.8772795491935,142.583248534379,-0.5499,5.16,5.08,3.75,3.7,5.24
2023-07-01,1.376,60611.0,335244.204,1758333.0,118.57786,2688.024,5.75,4.65,12984.0,20282.76,303.294,96.8772795491935,142.583248534379,-0.5499,5.16,5.08,3.75,3.7,5.24
