Date,PMI_Manufacturing,Unemployment_Rate,GDP per capita,BAA_Bond_Rate,Market_Stress,US_Bonds_Rate_1y,Money_Velocity,Population,Consumer_Price_Index,GDP,Corporate_Profits,AAA_Bond_Rate,US_Trade_Balance,US_Debt,US_Market_Cap,Credit_Card_Transactions,Consumer_Confidence_Index,US_Bonds_Rate_10y,Effective_Rate
1973-01-01,18276.0,4.9,,7.9,,5.89,,210985.0,42.7,,,7.15,5.41,,6.3760206102434,1621250.0,99.5364569423453,6.46,5.94
1973-02-01,18410.0,5.0,,7.97,,6.19,,211120.0,43.0,,,7.22,5.6,,6.09215635350604,1588500.0,99.2807265038976,6.64,6.58
1973-03-01,18493.0,4.9,,8.03,,6.85,,211254.0,43.4,,,7.29,6.09,,5.95648176045907,1570000.0,99.0607103078005,6.71,7.09
1973-04-01,18530.0,5.0,26966.0,8.09,,6.85,5.55,211420.0,43.7,5707.755,99.033,7.26,6.26,32.34466,5.80969850283992,1553750.0,98.8528351608781,6.67,7.12
1973-05-01,18564.0,4.9,26966.0,8.06,,6.89,5.55,211577.0,43.9,5707.755,99.033,7.29,6.36,32.34466,5.61914489873998,1559250.0,98.6553779631607,6.85,7.84
1973-06-01,18606.0,4.9,26966.0,8.13,,7.31,5.55,211746.0,44.2,5707.755,99.033,7.37,7.19,32.34466,5.46007817581644,1567200.0,98.4979355842149,6.9,8.49
1973-07-01,18598.0,4.8,26758.0,8.24,,8.39,5.564,211909.0,44.2,5677.738,101.161,7.45,8.01,32.12455,5.55803041336154,1601750.0,98.4364277022964,7.13,10.4
1973-08-01,18629.0,4.8,26758.0,8.53,,8.82,5.564,212092.0,45.0,5677.738,101.161,7.68,8.67,32.12455,5.47903012161879,1664750.0,98.5080848259457,7.4,10.5
1973-09-01,18609.0,4.8,26758.0,8.63,,8.31,5.564,212289.0,45.2,5677.738,101.161,7.63,8.29,32.12455,5.61588884367319,1670200.0,98.5905018173415,7.09,10.78
1973-10-01,18702.0,4.6,26946.0,8.41,,7.4,5.657,212475.0,45.6,5731.632,106.253,7.6,7.22,31.77379,5.86977279187503,1664250.0,98.5121896909959,6.79,10.01
1973-11-01,18773.0,4.8,26946.0,8.42,,7.57,5.657,212634.0,45.9,5731.632,106.253,7.67,7.83,31.77379,5.4061315239976,1706000.0,98.1523675447019,6.73,10.03
1973-12-01,18820.0,4.9,26946.0,8.48,,7.27,5.657,212785.0,46.3,5731.632,106.253,7.68,7.45,31.77379,4.99026665661411,1765800.0,97.7014836082234,6.74,9.95
1974-01-01,18788.0,5.1,26660.0,8.48,,7.42,5.622,212932.0,46.8,5682.353,112.656,7.83,7.77,31.76449,5.08955923431344,1957000.0,97.4258215765989,6.99,9.65
1974-02-01,18727.0,5.2,26660.0,8.53,,6.88,5.622,213074.0,47.3,5682.353,112.656,7.85,7.12,31.76449,4.95210940306063,2012250.0,97.5231687336297,6.96,8.97
1974-03-01,18700.0,5.1,26660.0,8.62,,7.76,5.622,213211.0,47.8,5682.353,112.656,8.01,7.96,31.76449,5.16450439557506,2055600.0,97.8032621705139,7.21,9.35
1974-04-01,18702.0,5.1,26666.0,8.87,,8.62,5.714,213361.0,48.1,5695.859,115.543,8.25,8.33,30.99462,4.87320763888336,2066000.0,98.0074976062208,7.51,10.51
1974-05-01,18688.0,5.1,26666.0,9.05,,8.78,5.714,213513.0,48.6,5695.859,115.543,8.37,8.23,30.99462,4.68892275747936,2051750.0,97.9458919292253,7.58,11.31
1974-06-01,18690.0,5.4,26666.0,9.27,,8.67,5.714,213686.0,49.0,5695.859,115.543,8.47,7.9,30.99462,4.66797755781821,2076200.0,97.7099037392061,7.54,11.93
1974-07-01,18656.0,5.5,26347.0,9.48,,8.8,5.775,213854.0,49.3,5642.025,121.06,8.72,7.55,30.86269,4.28479540779126,2122750.0,97.4222593120696,7.81,12.92
1974-08-01,18570.0,5.5,26347.0,9.77,,9.36,5.775,214042.0,49.9,5642.025,121.06,9.0,8.96,30.86269,3.94704986272169,2173800.0,97.1611610792127,8.04,12.01
1974-09-01,18492.0,5.9,26347.0,10.18,,8.87,5.775,214246.0,50.6,5642.025,121.06,9.24,8.06,30.86269,3.53450314524902,2279500.0,96.9361523426883,8.04,11.34
1974-10-01,18364.0,6.0,26177.0,10.48,,8.05,5.851,214451.0,51.0,5620.126,107.908,9.27,7.46,30.79768,3.62613284456668,2448750.0,96.7508102374702,7.9,10.06
1974-11-01,18077.0,6.6,26177.0,10.6,,7.66,5.851,214625.0,51.5,5620.126,107.908,8.89,7.47,30.79768,3.76153800405817,2803600.0,96.6293491961707,7.68,9.45
1974-12-01,17693.0,7.2,26177.0,10.63,,7.31,5.851,214782.0,51.9,5620.126,107.908,8.89,7.15,30.79768,3.50644762702634,3291250.0,96.6035577836675,7.43,8.53
1975-01-01,17344.0,8.1,25806.0,10.81,,6.83,5.875,214931.0,52.3,5551.713,94.707,8.83,6.26,31.53604,3.81839867418611,3619250.0,96.7573270827067,7.5,7.13
1975-02-01,17004.0,8.1,25806.0,10.65,,5.98,5.875,215065.0,52.6,5551.713,94.707,8.62,5.5,31.53604,4.20644876964639,3856500.0,97.1755094494956,7.39,6.24
1975-03-01,16853.0,8.6,25806.0,10.48,,6.11,5.875,215198.0,52.8,5551.713,94.707,8.67,5.49,31.53604,4.39221744621608,4175200.0,97.7132165589677,7.73,5.54
1975-04-01,16759.0,8.8,25928.0,10.58,,6.9,5.915,215353.0,53.0,5591.382,99.406,8.95,5.61,32.27817,4.44778905360621,4473500.0,98.1930982872047,8.23,5.49
1975-05-01,16746.0,9.0,25928.0,10.69,,6.39,5.915,215523.0,53.1,5591.382,99.406,8.9,5.23,32.27817,4.72923394349556,4578200.0,98.4830968499614,8.06,5.22
1975-06-01,16690.0,8.8,25928.0,10.62,,6.29,5.915,215768.0,53.5,5591.382,99.406,8.77,5.34,32.27817,4.87424232817265,4377250.0,98.6320263236393,7.86,5.55
1975-07-01,16678.0,8.6,26294.0,10.55,,7.11,6.01,215973.0,54.0,5687.087,115.831,8.84,6.13,32.38043,4.90628876537561,4144750.0,98.6969976106675,8.06,6.1
1975-08-01,16824.0,8.4,26294.0,10.59,,7.7,6.01,216195.0,54.2,5687.087,115.831,8.95,6.44,32.38043,4.52627839750347,3954200.0,98.7119124927483,8.4,6.14
1975-09-01,16904.0,8.4,26294.0,10.61,,7.75,6.01,216393.0,54.6,5687.087,115.831,8.95,6.42,32.38043,4.45336835495024,3895000.0,98.7399158719664,8.43,6.24
1975-10-01,16984.0,8.4,26579.0,10.62,,6.95,6.151,216587.0,54.9,5763.665,124.091,8.86,5.96,32.7301,4.64152545396904,3731250.0,98.8544318019499,8.14,5.82
1975-11-01,17025.0,8.3,26579.0,10.56,,6.49,6.151,216771.0,55.3,5763.665,124.091,8.78,5.48,32.7301,4.71756175182386,3494400.0,99.1071110206786,8.05,5.22
1975-12-01,17140.0,8.2,26579.0,10.56,,6.6,6.151,216931.0,55.6,5763.665,124.091,8.79,5.44,32.7301,4.63275386886936,3198250.0,99.4092659337432,8.0,5.2
1976-01-01,17287.0,7.9,27119.0,10.41,,5.81,6.264,217095.0,55.8,5893.276,132.702,8.6,4.87,32.98513,5.08168897039162,3035200.0,99.6436092403038,7.74,4.87
1976-02-01,17384.0,7.7,27119.0,10.24,,5.91,6.264,217249.0,55.9,5893.276,132.702,8.55,4.88,32.98513,5.32124272106537,2865750.0,99.7265168647132,7.79,4.77
1976-03-01,17470.0,7.6,27119.0,10.12,,6.21,6.264,217381.0,56.0,5893.276,132.702,8.52,5.0,32.98513,5.34852060204838,2843000.0,99.7381024946447,7.73,4.84
1976-04-01,17541.0,7.7,27260.0,9.94,,5.92,6.266,217528.0,56.1,5936.515,136.551,8.4,4.86,33.49464,5.37534054526391,2872250.0,99.7866718239653,7.56,4.82
1976-05-01,17513.0,7.4,27260.0,9.86,,6.4,6.266,217685.0,56.4,5936.515,136.551,8.58,5.2,33.49464,5.33499138117946,2941000.0,99.9444987888735,7.9,5.29
1976-06-01,17521.0,7.6,27260.0,9.89,,6.52,6.266,217861.0,56.7,5936.515,136.551,8.62,5.41,33.49464,5.37022486669042,2989500.0,100.146618105862,7.86,5.48
1976-07-01,17524.0,7.8,27339.0,9.82,,6.2,6.318,218035.0,57.0,5969.089,138.84,8.56,5.23,33.64333,5.51356545690988,2995800.0,100.292139884848,7.83,5.31
1976-08-01,17596.0,7.8,27339.0,9.64,,6.0,6.318,218233.0,57.3,5969.089,138.84,8.45,5.14,33.64333,5.46465278633052,3015250.0,100.301271891442,7.77,5.29
1976-09-01,17665.0,7.6,27339.0,9.4,,5.84,6.318,218440.0,57.6,5969.089,138.84,8.38,5.08,33.64333,5.57453195425961,3070000.0,100.228939345999,7.59,5.25
1976-10-01,17548.0,7.7,27464.0,9.29,,5.5,6.364,218644.0,57.9,6012.356,139.091,8.32,4.92,33.78753,5.39057547309855,3093000.0,100.146327563618,7.41,5.02
1976-11-01,17682.0,7.8,27464.0,9.23,,5.29,6.364,218834.0,58.1,6012.356,139.091,8.25,4.75,33.78753,5.36465267394166,3055750.0,100.103889146183,7.29,4.95
1976-12-01,17719.0,7.8,27464.0,9.12,,4.89,6.364,219006.0,58.4,6012.356,139.091,7.98,4.35,33.78753,5.57903825107952,2923500.0,100.10463041133,6.87,4.65
1977-01-01,17803.0,7.5,27724.0,9.08,,5.29,6.39,219179.0,58.7,6083.391,149.831,7.96,4.62,33.65136,5.57383175294306,2827200.0,100.150598896648,7.21,4.61
1977-02-01,17843.0,7.6,27724.0,9.12,,5.47,6.39,219344.0,59.3,6083.391,149.831,8.04,4.67,33.65136,5.43929046104251,2849000.0,100.246191182499,7.39,4.68
1977-03-01,17941.0,7.4,27724.0,9.12,,5.5,6.39,219504.0,59.6,6083.391,149.831,8.1,4.6,33.65136,5.41383644517788,2702750.0,100.356233493461,7.46,4.69
1977-04-01,18024.0,7.2,28195.0,9.07,,5.44,6.479,219684.0,60.0,6201.659,158.751,8.04,4.54,32.80422,5.33959932435565,2671200.0,100.435911114132,7.37,4.73
1977-05-01,18107.0,7.0,28195.0,9.01,,5.84,6.479,219859.0,60.2,6201.659,158.751,8.05,4.96,32.80422,5.34327849537543,2631250.0,100.446247781037,7.46,5.35
1977-06-01,18192.0,7.2,28195.0,8.91,,5.8,6.479,220046.0,60.5,6201.659,158.751,7.95,5.02,32.80422,5.37755568282553,2619250.0,100.39994976361,7.28,5.39
1977-07-01,18259.0,6.9,28623.0,8.87,,5.94,6.572,220239.0,60.8,6313.559,165.143,7.94,5.19,32.98791,5.44096150541129,2583000.0,100.302480151331,7.33,5.42
1977-08-01,18276.0,7.0,28623.0,8.82,,6.37,6.572,220458.0,61.1,6313.559,165.143,7.98,5.49,32.98791,5.29879667122934,2610500.0,100.149767825194,7.4,5.9
1977-09-01,18334.0,6.8,28623.0,8.8,,6.53,6.572,220688.0,61.3,6313.559,165.143,7.92,5.81,32.98791,5.21486976706941,2589500.0,99.9770880240274,7.34,6.14
1977-10-01,18356.0,6.8,28543.0,8.89,,6.97,6.586,220904.0,61.6,6313.697,166.231,8.04,6.16,33.21873,5.08702744114453,2576200.0,99.8255166615301,7.52,6.47
1977-11-01,18419.0,6.8,28543.0,8.95,,6.95,6.586,221109.0,62.0,6313.697,166.231,8.08,6.1,33.21873,5.13677735252123,2568500.0,99.7283521171206,7.58,6.51
1977-12-01,18531.0,6.4,28543.0,8.99,,6.96,6.586,221303.0,62.3,6313.697,166.231,8.19,6.07,33.21873,5.13276346875098,2507000.0,99.6764285893319,7.69,6.56
1978-01-01,18593.0,6.4,28567.0,9.17,,7.28,6.564,221477.0,62.7,6333.848,171.939,8.41,6.44,33.5012,4.94092192580181,2493500.0,99.6423970712837,7.96,6.7
1978-02-01,18639.0,6.3,28567.0,9.2,,7.34,6.564,221629.0,63.0,6333.848,171.939,8.47,6.45,33.5012,4.89269611972785,2555500.0,99.5597653095332,8.03,6.78
1978-03-01,18699.0,6.3,28567.0,9.22,,7.31,6.564,221792.0,63.4,6333.848,171.939,8.47,6.29,33.5012,4.90175064377743,2499750.0,99.4176656295719,8.04,6.79
1978-04-01,18772.0,6.1,29596.0,9.32,,7.45,6.78,221991.0,63.9,6578.605,190.742,8.56,6.29,32.12444,5.1250911403395,2349600.0,99.416370266513,8.15,6.89
1978-05-01,18848.0,6.0,29596.0,9.49,,7.82,6.78,222176.0,64.5,6578.605,190.742,8.69,6.41,32.12444,5.39587421439018,2231500.0,99.4412916631252,8.35,7.36
1978-06-01,18919.0,5.9,29596.0,9.6,,8.09,6.78,222379.0,65.0,6578.605,190.742,8.76,6.73,32.12444,5.42999104167145,2221750.0,99.4044011546004,8.46,7.6
1978-07-01,18951.0,6.2,29806.0,9.6,,8.39,6.847,222585.0,65.5,6644.754,197.659,8.88,7.01,32.21407,5.4078708726948,2313200.0,99.3772219713058,8.64,7.81
1978-08-01,19006.0,5.9,29806.0,9.48,,8.31,6.847,222805.0,65.9,6644.754,197.659,8.69,7.08,32.21407,5.79653271944042,2398000.0,99.2754491641111,8.41,8.04
1978-09-01,19068.0,6.0,29806.0,9.42,,8.64,6.847,223053.0,66.5,6644.754,197.659,8.69,7.85,32.21407,5.80077295437059,2269800.0,99.1776630634331,8.42,8.45
1978-10-01,19142.0,5.8,30119.0,9.59,,9.14,6.971,223271.0,67.1,6734.069,209.891,8.89,7.99,31.86206,5.58546655658802,2230500.0,98.9412116268461,8.64,8.96
1978-11-01,19257.0,5.9,30119.0,9.83,,10.01,6.971,223477.0,67.5,6734.069,209.891,9.03,8.64,31.86206,5.2224114153363,2223750.0,98.5429417695527,8.81,9.76
1978-12-01,19334.0,6.0,30119.0,9.94,,10.3,6.971,223670.0,67.9,6734.069,209.891,9.16,9.08,31.86206,5.31651746265295,2286600.0,98.1820309245846,9.01,10.03
1979-01-01,19388.0,5.9,30096.0,10.13,,10.41,7.012,223865.0,68.5,6746.176,212.498,9.25,9.35,31.53601,5.52262670555945,2382500.0,98.1559246560432,9.1,10.07
1979-02-01,19409.0,5.9,30096.0,10.08,,10.24,7.012,224053.0,69.2,6746.176,212.498,9.26,9.32,31.53601,5.45467491288693,2414250.0,98.1401412314943,9.1,10.06
1979-03-01,19453.0,5.8,30096.0,10.26,,10.25,7.012,224235.0,69.9,6746.176,212.498,9.37,9.48,31.53601,5.56412543907751,2385800.0,97.9432135798846,9.12,10.09
1979-04-01,19450.0,5.8,30050.0,10.33,,10.12,6.997,224438.0,70.6,6753.389,220.901,9.38,9.46,31.06277,5.69392393053806,2398500.0,97.741123422904,9.18,10.01
1979-05-01,19509.0,5.6,30050.0,10.47,,10.12,6.997,224632.0,71.4,6753.389,220.901,9.5,9.61,31.06277,5.56656053099989,2259250.0,97.6061295446667,9.25,10.24
1979-06-01,19553.0,5.7,30050.0,10.38,,9.57,6.997,224843.0,72.2,6753.389,220.901,9.29,9.06,31.06277,5.70521075954732,2251600.0,97.4173236729423,8.91,10.29
1979-07-01,19531.0,5.7,30182.0,10.29,,9.64,7.049,225055.0,73.0,6803.558,225.792,9.2,9.24,30.98402,5.78188493909694,2358500.0,97.2507168486739,8.95,10.47
1979-08-01,19406.0,6.0,30182.0,10.35,,9.98,7.049,225295.0,73.7,6803.558,225.792,9.23,9.52,30.98402,6.06012938767272,2458250.0,97.2886582834425,9.03,10.94
1979-09-01,19442.0,5.9,30182.0,10.54,,10.84,7.049,225547.0,74.4,6803.558,225.792,9.44,10.26,30.98402,6.12874681272223,2428200.0,97.3304900632965,9.33,11.43
1979-10-01,19390.0,6.0,30164.0,11.4,,12.44,7.147,225801.0,75.2,6820.572,222.428,10.13,11.7,31.02615,5.86985830106446,2490000.0,97.2526434350569,10.3,13.77
1979-11-01,19299.0,5.9,30164.0,11.99,,12.39,7.147,226027.0,76.0,6820.572,222.428,10.76,11.79,31.02615,5.84522408699272,2602500.0,97.2340467792344,10.65,13.18
1979-12-01,19301.0,6.0,30164.0,12.06,,11.98,7.147,226243.0,76.9,6820.572,222.428,10.74,12.04,31.02615,6.11470781472509,2698800.0,97.2751982097476,10.39,13.78
1980-01-01,19282.0,6.3,30174.0,12.42,,12.06,7.188,226451.0,78.0,6842.024,223.244,11.09,12.0,30.94982,6.32655612910295,2781750.0,97.3625293676207,10.8,13.82
1980-02-01,19219.0,6.3,30174.0,13.57,,13.92,7.188,226656.0,79.0,6842.024,223.244,12.38,12.86,30.94982,6.54152323428909,2868500.0,97.1478669762091,12.41,14.13
1980-03-01,19217.0,6.3,30174.0,14.45,,15.82,7.188,226849.0,80.1,6842.024,223.244,12.96,15.2,30.94982,5.89479114169753,2881200.0,96.5899373727029,12.75,17.19
1980-04-01,18973.0,6.9,29470.0,14.19,,13.3,7.249,227061.0,80.9,6701.046,194.714,12.04,13.2,31.37303,5.79005097302995,3126500.0,96.1568816380481,11.47,17.61
1980-05-01,18726.0,7.5,29470.0,13.17,,9.39,7.249,227251.0,81.7,6701.046,194.714,10.99,8.58,31.37303,6.07855138254685,3544800.0,96.1208700055353,10.18,10.98
1980-06-01,18490.0,7.6,29470.0,12.71,,8.16,7.249,227522.0,82.5,6701.046,194.714,10.58,7.07,31.37303,6.4792132030684,3832500.0,96.5295616588494,9.78,9.47
1980-07-01,18276.0,7.8,29347.0,12.65,,8.65,7.153,227726.0,82.6,6693.082,202.262,11.07,8.06,31.77687,6.78940239566216,3845500.0,97.1206437496869,10.25,9.03
1980-08-01,18414.0,7.7,29347.0,13.15,,10.24,7.153,227953.0,83.2,6693.082,202.262,11.64,9.13,31.77687,7.01850578076774,3805200.0,97.7634480487133,11.1,9.61
1980-09-01,18445.0,7.5,29347.0,13.7,,11.52,7.153,228186.0,83.9,6693.082,202.262,12.02,10.27,31.77687,7.24079934702073,3693500.0,98.305170268351,11.51,10.87
1980-10-01,18506.0,7.5,29813.0,14.23,,12.49,7.293,228417.0,84.7,6817.903,208.875,12.31,11.62,31.157,7.44401085863682,3556250.0,98.5354288382328,11.75,12.81
1980-11-01,18601.0,7.5,29813.0,14.64,,14.15,7.293,228612.0,85.6,6817.903,208.875,12.97,13.73,31.157,7.73881578670093,3300600.0,98.4219674208987,12.68,15.85
1980-12-01,18640.0,7.2,29813.0,15.14,,14.88,7.293,228779.0,86.4,6817.903,208.875,13.21,15.49,31.157,7.59436205040359,3125500.0,98.0383107412782,12.84,18.9
1981-01-01,18639.0,7.5,30335.0,15.03,,14.08,7.528,228937.0,87.2,6951.495,213.17,12.81,15.02,30.87284,7.55043065068934,3038200.0,97.8837294493484,12.57,19.08
1981-02-01,18613.0,7.4,30335.0,15.37,,14.57,7.528,229071.0,88.0,6951.495,213.17,13.35,14.79,30.87284,7.28031853812066,2978000.0,97.7849308980228,13.19,15.93
1981-03-01,18647.0,7.4,30335.0,15.34,,13.71,7.528,229224.0,88.6,6951.495,213.17,13.33,13.36,30.87284,7.57145004572822,2899250.0,97.8888014778641,13.12,14.7
1981-04-01,18711.0,7.2,30042.0,15.56,,14.32,7.428,229403.0,89.1,6899.98,201.614,13.88,13.69,30.70875,7.68525714804844,2857000.0,98.2145784013774,13.68,15.72
1981-05-01,18766.0,7.5,30042.0,15.95,,16.2,7.428,229575.0,89.7,6899.98,201.614,14.32,16.3,30.70875,7.55426391619912,2904000.0,98.5013900772106,14.1,18.52
1981-06-01,18789.0,7.5,30042.0,15.8,,14.86,7.428,229761.0,90.5,6899.98,201.614,13.75,14.73,30.70875,7.60506879368824,2903250.0,98.5991676145276,13.47,19.1
1981-07-01,18785.0,7.2,30319.0,16.17,,15.72,7.637,229966.0,91.5,6982.609,206.868,14.38,14.95,30.60333,7.42505078337375,2883000.0,98.6555763452689,14.28,19.04
1981-08-01,18748.0,7.4,30319.0,16.34,,16.72,7.637,230187.0,92.2,6982.609,206.868,14.89,15.51,30.60333,7.45136789883879,2948400.0,98.6295259191679,14.94,17.82
1981-09-01,18712.0,7.6,30319.0,16.92,,16.52,7.637,230412.0,93.1,6982.609,206.868,15.49,14.7,30.60333,6.77068389088353,3013000.0,98.3562341879053,15.32,15.87
1981-10-01,18566.0,7.9,29911.0,17.11,,15.38,7.592,230641.0,93.4,6906.529,203.587,15.4,13.54,31.35587,6.87301289708974,3127000.0,97.9498427373878,15.15,15.08
1981-11-01,18409.0,8.3,29911.0,16.39,,12.41,7.592,230822.0,93.8,6906.529,203.587,14.22,10.86,31.35587,7.08000634997047,3337250.0,97.5786708979369,13.39,13.31
1981-12-01,18223.0,8.5,29911.0,16.55,,12.85,7.592,230989.0,94.1,6906.529,203.587,14.23,10.85,31.35587,7.11104738454737,3525250.0,97.5314838730983,13.72,12.37
1982-01-01,18047.0,8.6,29384.0,17.1,,14.32,7.401,231157.0,94.4,6799.233,183.468,15.18,12.28,32.41298,6.72508701941471,3533600.0,97.6411781829036,14.59,13.22
1982-02-01,17981.0,8.9,29384.0,17.18,,14.73,7.401,231313.0,94.7,6799.233,183.468,15.27,13.48,32.41298,6.55229506945397,3555500.0,97.550619395522,14.43,14.78
1982-03-01,17857.0,9.0,29384.0,16.82,,13.95,7.401,231470.0,94.7,6799.233,183.468,14.58,12.68,32.41298,6.32436128709593,3655500.0,97.416814337258,13.86,14.68
1982-04-01,17683.0,9.3,29453.0,16.78,,13.98,7.452,231645.0,95.0,6830.251,185.364,14.46,12.7,32.40213,6.63161606280289,3864500.0,97.4548431129011,13.87,14.94
1982-05-01,17588.0,9.4,29453.0,16.64,,13.34,7.452,231809.0,95.9,6830.251,185.364,14.26,12.09,32.40213,6.64165234098967,3991800.0,97.5250373969578,13.62,14.45
1982-06-01,17430.0,9.6,29453.0,16.92,,14.07,7.452,231992.0,97.0,6830.251,185.364,14.81,12.47,32.40213,6.24870555664562,4094250.0,97.5201058101446,14.3,14.15
1982-07-01,17278.0,9.8,29265.0,16.8,,13.24,7.446,232188.0,97.5,6804.139,180.728,14.61,11.35,33.9253,6.2212049584091,4101400.0,97.5378848651234,13.95,12.59
1982-08-01,17160.0,9.8,29265.0,16.32,,11.43,7.446,232392.0,97.7,6804.139,180.728,13.71,8.68,33.9253,6.23002090901045,4260250.0,97.6676198465014,13.06,10.12
1982-09-01,17074.0,10.1,29265.0,15.63,,10.85,7.446,232599.0,97.7,6804.139,180.728,12.94,7.92,33.9253,6.95261558374539,4452750.0,97.9357439713839,12.34,10.31
1982-10-01,16853.0,10.4,29205.0,14.73,,9.32,7.235,232816.0,98.1,6806.857,174.574,12.12,7.71,35.18156,7.53648016828358,4639600.0,98.1761434079964,10.91,9.71
1982-11-01,16722.0,10.8,29205.0,14.3,,9.16,7.235,232993.0,98.0,6806.857,174.574,11.68,8.07,35.18156,7.8973331341553,4601000.0,98.2357763488958,10.55,9.2
1982-12-01,16690.0,10.8,29205.0,14.14,,8.91,7.235,233160.0,97.7,6806.857,174.574,11.83,7.94,35.18156,7.95166921336697,4400000.0,98.232311295432,10.54,8.95
1983-01-01,16705.0,10.4,29530.0,13.94,,8.62,7.176,233322.0,97.9,6896.561,176.17,11.79,7.86,35.82911,8.24441847429315,3919000.0,98.3365797174835,10.46,8.68
1983-02-01,16706.0,10.4,29530.0,13.95,,8.92,7.176,233473.0,98.0,6896.561,176.17,12.01,8.11,35.82911,8.39166196428563,3859250.0,98.751746583942,10.72,8.51
1983-03-01,16711.0,10.3,29530.0,13.61,,9.04,7.176,233613.0,98.1,6896.561,176.17,11.73,8.35,35.82911,8.66558001314013,3767500.0,99.4268330183167,10.51,8.77
1983-04-01,16794.0,10.2,30140.0,13.29,,8.98,7.171,233781.0,98.8,7053.5,195.362,11.51,8.21,36.87167,8.97283139844988,3760200.0,100.151734414839,10.4,8.8
1983-05-01,16885.0,10.1,30140.0,13.09,,8.9,7.171,233922.0,99.2,7053.5,195.362,11.46,8.19,36.87167,9.36915442837856,3624250.0,100.635264216444,10.38,8.63
1983-06-01,16960.0,10.1,30140.0,13.37,,9.66,7.171,234118.0,99.4,7053.5,195.362,11.74,8.79,36.87167,9.5490469471674,3455500.0,100.788475221882,10.85,8.98
1983-07-01,17059.0,9.4,30667.0,13.39,,10.2,7.228,234307.0,99.8,7194.504,206.519,12.15,9.08,37.3311,9.58048985620314,3189600.0,100.751314766679,11.38,9.37
1983-08-01,17118.0,9.5,30667.0,13.64,,10.53,7.228,234501.0,100.1,7194.504,206.519,12.51,9.34,37.3311,9.30511333713894,3105750.0,100.605793841312,11.85,9.56
1983-09-01,17255.0,9.2,30667.0,13.55,,10.16,7.228,234701.0,100.4,7194.504,206.519,12.37,9.0,37.3311,9.57619968315708,3007000.0,100.48603111535,11.65,9.45
1983-10-01,17367.0,8.8,31233.0,13.46,,9.81,7.309,234907.0,100.8,7344.597,211.822,12.25,8.64,37.17553,9.58458424785864,2902800.0,100.492975894521,11.54,9.48
1983-11-01,17479.0,8.5,31233.0,13.61,,9.94,7.309,235078.0,101.1,7344.597,211.822,12.41,8.76,37.17553,9.44844208906536,2787750.0,100.692698231774,11.69,9.34
1983-12-01,17551.0,8.3,31233.0,13.75,,10.11,7.309,235235.0,101.4,7344.597,211.822,12.57,9.0,37.17553,9.40014610551534,2712200.0,101.036560579169,11.83,9.47
1984-01-01,17630.0,8.0,31783.0,13.65,,9.9,7.402,235385.0,102.1,7488.167,220.108,12.2,8.9,37.45447,9.53185067454388,2549250.0,101.380146157444,11.67,9.56
1984-02-01,17728.0,7.8,31783.0,13.59,,10.04,7.402,235527.0,102.6,7488.167,220.108,12.08,9.09,37.45447,8.97254106056682,2469500.0,101.515961714792,11.84,9.59
1984-03-01,17806.0,7.8,31783.0,13.99,,10.59,7.402,235675.0,102.9,7488.167,220.108,12.57,9.52,37.45447,8.97822649445572,2424400.0,101.546540376473,12.32,9.91
1984-04-01,17872.0,7.7,32267.0,14.31,,10.9,7.462,235839.0,103.3,7617.547,220.957,12.81,9.69,37.72687,8.9787224477544,2422250.0,101.420650027246,12.63,10.29
1984-05-01,17916.0,7.4,32267.0,14.74,,11.66,7.462,235993.0,103.5,7617.547,220.957,13.28,9.83,37.72687,8.91974171167294,2385000.0,101.340016063316,13.41,10.32
1984-06-01,17967.0,7.2,32267.0,15.05,,12.08,7.462,236160.0,103.7,7617.547,220.957,13.55,9.87,37.72687,8.7428675174191,2360400.0,101.289995928572,13.56,11.06
1984-07-01,18013.0,7.5,32498.0,15.15,,12.03,7.54,236348.0,104.1,7690.985,212.293,13.44,10.12,38.49586,8.62508622332696,2353000.0,101.363158308303,13.36,11.23
1984-08-01,18034.0,7.5,32498.0,14.63,,11.82,7.54,236549.0,104.4,7690.985,212.293,12.87,10.47,38.49586,9.31776929658155,2385750.0,101.49347446522,12.72,11.64
1984-09-01,18019.0,7.3,32498.0,14.35,,11.58,7.54,236760.0,104.7,7690.985,212.293,12.66,10.37,38.49586,9.47588910591385,2434800.0,101.516775736103,12.52,11.3
1984-10-01,18024.0,7.4,32686.0,13.94,,10.9,7.576,236976.0,105.1,7754.117,213.695,12.63,9.74,40.08547,9.41670813971621,2524000.0,101.344118912131,12.16,9.99
1984-11-01,18016.0,7.2,32686.0,13.48,,9.82,7.576,237159.0,105.3,7754.117,213.695,12.29,8.61,40.08547,9.49879408628561,2584250.0,101.157135674806,11.57,9.43
1984-12-01,18023.0,7.3,32686.0,13.4,,9.33,7.576,237316.0,105.5,7754.117,213.695,12.13,8.06,40.08547,9.38277912358232,2547000.0,101.021915391409,11.5,8.38
1985-01-01,18009.0,7.3,32941.0,13.26,,9.02,7.522,237468.0,105.7,7829.26,204.768,12.08,7.76,40.44121,9.81516588361291,2552250.0,101.003104783381,11.38,8.35
1985-02-01,17966.0,7.2,32941.0,13.23,,9.29,7.522,237602.0,106.3,7829.26,204.768,12.13,8.27,40.44121,10.3715444991976,2623500.0,100.959004888018,11.51,8.5
1985-03-01,17939.0,7.2,32941.0,13.69,,9.86,7.522,237732.0,106.8,7829.26,204.768,12.56,8.52,40.44121,10.2914209651112,2564400.0,100.93694677267,11.86,8.58
1985-04-01,17886.0,7.3,33161.0,13.51,,9.14,7.457,237900.0,107.0,7898.194,205.85,12.23,7.95,41.31983,10.3645629220728,2578750.0,100.938004415848,11.43,8.27
1985-05-01,17855.0,7.2,33161.0,13.15,,8.46,7.457,238074.0,107.2,7898.194,205.85,11.72,7.48,41.31983,10.5965196167727,2560750.0,100.939052822569,10.85,7.97
1985-06-01,17819.0,7.4,33161.0,12.4,,7.8,7.457,238270.0,107.5,7898.194,205.85,10.94,6.95,41.31983,10.8475758894056,2551800.0,101.001035734588,10.16,7.53
1985-07-01,17776.0,7.4,33581.0,12.43,,7.86,7.358,238466.0,107.7,8018.809,209.89,10.97,7.08,41.55909,11.056066586652,2542500.0,100.927793901964,10.31,7.88
1985-08-01,17756.0,7.1,33581.0,12.5,,8.05,7.358,238679.0,107.9,8018.809,209.89,11.05,7.14,41.55909,10.8029149455172,2562600.0,100.775003461053,10.33,7.9
1985-09-01,17718.0,7.1,33581.0,12.48,,8.07,7.358,238898.0,108.1,8018.809,209.89,11.07,7.1,41.55909,10.5584156261722,2580500.0,100.619736229897,10.37,7.92
1985-10-01,17708.0,7.1,33746.0,12.36,,8.01,7.247,239113.0,108.5,8078.415,211.649,11.02,7.16,43.78715,10.6528349106017,2631750.0,100.518893965294,10.24,7.99
1985-11-01,17697.0,7.0,33746.0,11.99,,7.88,7.247,239307.0,109.0,8078.415,211.649,10.55,7.24,43.78715,11.2827783274946,2625200.0,100.62803380949,9.78,8.05
1985-12-01,17693.0,7.0,33746.0,11.58,,7.67,7.247,239477.0,109.5,8078.415,211.649,10.16,7.1,43.78715,11.8169168551912,2643750.0,100.852761879667,9.26,8.27
1986-01-01,17686.0,6.7,33994.0,11.44,,7.73,7.193,239638.0,109.9,8153.829,176.84,10.05,7.07,44.07415,11.8989021388068,2604000.0,101.043274960982,9.19,8.14
1986-02-01,17663.0,7.2,33994.0,11.11,,7.61,7.193,239788.0,109.7,8153.829,176.84,9.67,7.06,44.07415,12.5200004682869,2568500.0,101.134050281086,8.7,7.86
1986-03-01,17624.0,7.2,33994.0,10.5,,7.03,7.193,239928.0,109.1,8153.829,176.84,9.0,6.56,44.07415,13.2667039110854,2593600.0,101.159835874122,7.78,7.48
1986-04-01,17616.0,7.1,34075.0,10.19,,6.44,6.98,240094.0,108.7,8190.552,172.969,8.79,6.06,45.30682,13.5939943140604,2608750.0,101.201317045101,7.3,6.99
1986-05-01,17593.0,7.2,34075.0,10.29,,6.65,6.98,240271.0,109.0,8190.552,172.969,9.09,6.15,45.30682,13.6032931527557,2671000.0,101.26215268494,7.71,6.85
1986-06-01,17530.0,7.2,34075.0,10.34,,6.73,6.98,240459.0,109.4,8190.552,172.969,9.13,6.21,45.30682,13.9449508228503,2635000.0,101.361113975872,7.8,6.92
1986-07-01,17497.0,7.0,34316.0,10.16,,6.27,6.788,240651.0,109.5,8268.935,171.499,8.88,5.83,46.12536,13.6976687741138,2608000.0,101.301187090757,7.3,6.56
1986-08-01,17489.0,6.9,34316.0,10.18,,5.93,6.788,240854.0,109.6,8268.935,171.499,8.72,5.53,46.12536,13.9549008051257,2655600.0,101.117238669173,7.17,6.17
1986-09-01,17498.0,7.0,34316.0,10.2,,5.77,6.788,241068.0,110.0,8268.935,171.499,8.89,5.21,46.12536,13.5734432059296,2707000.0,100.941586518704,7.45,5.89
1986-10-01,17477.0,7.0,34418.0,10.24,,5.72,6.575,241274.0,110.2,8313.338,175.984,8.86,5.18,47.55286,13.5414647358885,2718750.0,100.847824714815,7.43,5.85
1986-11-01,17472.0,6.9,34418.0,10.07,,5.8,6.575,241467.0,110.4,8313.338,175.984,8.68,5.35,47.55286,13.9478072512355,2630800.0,100.662057906629,7.25,6.04
1986-12-01,17478.0,6.6,34418.0,9.97,,5.87,6.575,241620.0,110.8,8313.338,175.984,8.49,5.53,47.55286,14.0740394850155,2571250.0,100.506111795936,7.11,6.91
1987-01-01,17465.0,6.6,34607.0,9.72,,5.78,6.455,241784.0,111.4,8375.274,187.831,8.36,5.43,47.57835,14.9706775502788,2512400.0,100.473114962814,7.08,6.43
1987-02-01,17499.0,6.6,34607.0,9.65,,5.96,6.455,241930.0,111.8,8375.274,187.831,8.38,5.59,47.57835,15.8681779284205,2472000.0,100.504057962057,7.25,6.1
1987-03-01,17507.0,6.6,34607.0,9.61,,6.03,6.455,242079.0,112.2,8375.274,187.831,8.36,5.59,47.57835,16.4820559012814,2429250.0,100.578704555669,7.25,6.13
1987-04-01,17525.0,6.3,34907.0,10.04,,6.5,6.457,242252.0,112.7,8465.63,215.335,8.85,5.64,48.04867,16.2288395897245,2411000.0,100.660354190638,8.02,6.37
1987-05-01,17542.0,6.3,34907.0,10.51,,7.0,6.457,242423.0,113.0,8465.63,215.335,9.33,5.66,48.04867,16.1423180108296,2324000.0,100.694078974261,8.61,6.85
1987-06-01,17537.0,6.2,34907.0,10.52,,6.8,6.457,242608.0,113.5,8465.63,215.335,9.32,5.67,48.04867,16.7935135238918,2279000.0,100.768019268969,8.4,6.73
1987-07-01,17593.0,6.1,35123.0,10.61,,6.68,6.555,242804.0,113.8,8539.075,230.169,9.42,5.69,48.1165,17.2594802858236,2196500.0,100.87315546338,8.45,6.58
1987-08-01,17630.0,6.0,35123.0,10.8,,7.03,6.555,243012.0,114.3,8539.075,230.169,9.67,6.04,48.1165,18.2398642717225,2211600.0,100.877956723551,8.76,6.73
1987-09-01,17691.0,5.9,35123.0,11.31,,7.67,6.555,243223.0,114.7,8539.075,230.169,10.18,6.4,48.1165,17.6703426502136,2196750.0,100.690484551332,9.42,7.22
1987-10-01,17729.0,6.0,35638.0,11.62,,7.59,6.649,243446.0,115.0,8685.694,239.018,10.52,6.13,48.55667,15.5606247883929,2046800.0,100.33862235463,9.52,7.29
1987-11-01,17775.0,5.8,35638.0,11.23,,6.96,6.649,243639.0,115.4,8685.694,239.018,10.01,5.69,48.55667,13.5880142902433,2082250.0,100.060369527707,8.86,6.69
1987-12-01,17809.0,5.7,35638.0,11.29,,7.17,6.649,243809.0,115.6,8685.694,239.018,10.11,5.77,48.55667,13.3574966505779,2115500.0,100.13337140383,8.99,6.77
1988-01-01,17790.0,5.7,35751.0,11.07,,6.99,6.688,243981.0,116.0,8730.569,249.639,9.88,5.81,49.03151,13.918339192383,2188000.0,100.400041869837,8.67,6.83
1988-02-01,17823.0,5.7,35751.0,10.62,,6.64,6.688,244131.0,116.2,8730.569,249.639,9.4,5.66,49.03151,14.3727273450989,2141500.0,100.644010165134,8.21,6.58
1988-03-01,17844.0,5.7,35751.0,10.57,,6.71,6.688,244279.0,116.5,8730.569,249.639,9.39,5.7,49.03151,14.842512368628,2112000.0,100.809340875265,8.37,6.58
1988-04-01,17874.0,5.4,36145.0,10.9,,7.01,6.717,244445.0,117.2,8845.28,265.179,9.67,5.91,49.08744,14.7018721642301,2081200.0,100.85374372854,8.72,6.87
1988-05-01,17892.0,5.6,36145.0,11.04,,7.4,6.717,244610.0,117.5,8845.28,265.179,9.9,6.26,49.08744,14.3585284364884,2067750.0,100.947660730585,9.09,7.09
1988-06-01,17916.0,5.4,36145.0,11.0,,7.49,6.717,244806.0,118.0,8845.28,265.179,9.86,6.46,49.08744,15.1244368124085,2043000.0,101.016856420424,8.92,7.51
1988-07-01,17926.0,5.4,36262.0,11.11,,7.75,6.749,245021.0,118.5,8897.107,264.662,9.96,6.73,49.25732,15.0643683769597,2065200.0,101.085802282058,9.06,7.75
1988-08-01,17891.0,5.6,36262.0,11.21,,8.17,6.749,245240.0,119.0,8897.107,264.662,10.11,7.06,49.25732,14.7806537004266,2088000.0,101.196333793138,9.26,8.01
1988-09-01,17914.0,5.4,36262.0,10.9,,8.09,6.749,245464.0,119.5,8897.107,264.662,9.82,7.24,49.25732,15.0006077708466,2075750.0,101.180790163965,8.98,8.19
1988-10-01,17966.0,5.4,36654.0,10.41,,8.11,6.879,245693.0,119.9,9015.661,276.88,9.51,7.35,49.71548,15.4846915604865,2015600.0,101.037373285992,8.8,8.3
1988-11-01,18003.0,5.3,36654.0,10.48,,8.48,6.879,245884.0,120.3,9015.661,276.88,9.45,7.76,49.71548,15.1194143884899,1978250.0,100.933544099512,8.96,8.35
1988-12-01,18025.0,5.3,36654.0,10.65,,8.99,6.879,246056.0,120.7,9015.661,276.88,9.57,8.07,49.71548,15.3843889628522,2045200.0,100.960727103962,9.11,8.76
1989-01-01,18057.0,5.4,36953.0,10.65,,9.05,7.028,246224.0,121.2,9107.314,275.1,9.62,8.27,49.73276,15.8849163101052,2061000.0,101.104519668017,9.09,9.12
1989-02-01,18055.0,5.2,36953.0,10.61,,9.25,7.028,246378.0,121.6,9107.314,275.1,9.64,8.53,49.73276,16.3478023061257,2113750.0,101.083889148754,9.17,9.36
1989-03-01,18060.0,5.0,36953.0,10.67,,9.57,7.028,246530.0,122.2,9107.314,275.1,9.8,8.82,49.73276,16.3005564185043,2131500.0,100.936216016971,9.36,9.85
1989-04-01,18055.0,5.2,37151.0,10.61,,9.36,7.233,246721.0,123.1,9176.827,268.646,9.79,8.65,49.8876,16.7725010688649,2098800.0,100.734242839216,9.18,9.84
1989-05-01,18040.0,5.2,37151.0,10.46,,8.98,7.233,246906.0,123.7,9176.827,268.646,9.57,8.43,49.8876,17.3597830895041,2093500.0,100.600127533179,8.86,9.81
1989-06-01,18013.0,5.3,37151.0,10.03,,8.44,7.233,247114.0,124.1,9176.827,268.646,9.1,8.15,49.8876,17.9009865212979,2122750.0,100.56729322374,8.28,9.53
1989-07-01,17980.0,5.2,37323.0,9.87,,7.89,7.307,247342.0,124.5,9244.816,257.909,8.93,7.88,50.17117,18.3310910195215,2179400.0,100.617365457089,8.02,9.24
1989-08-01,17964.0,5.2,37323.0,9.88,,8.18,7.307,247573.0,124.5,9244.816,257.909,8.96,7.9,50.17117,19.1066067134548,2207250.0,100.700859248678,8.11,8.99
1989-09-01,17922.0,5.3,37323.0,9.91,,8.22,7.307,247816.0,124.8,9244.816,257.909,9.01,7.75,50.17117,19.1122497767442,2208800.0,100.857168510721,8.19,9.02
1989-10-01,17895.0,5.3,37295.0,9.81,,7.99,7.283,248067.0,125.4,9263.033,258.272,8.92,7.64,51.38111,19.0624359723018,2281000.0,100.839537984859,8.01,8.84
1989-11-01,17886.0,5.4,37295.0,9.81,,7.77,7.283,248281.0,125.9,9263.033,258.272,8.89,7.69,51.38111,18.6626827501366,2285000.0,100.711884192473,7.87,8.55
1989-12-01,17881.0,5.4,37295.0,9.82,,7.72,7.283,248479.0,126.3,9263.033,258.272,8.86,7.63,51.38111,19.0752129651786,2285000.0,100.635627992237,7.84,8.45
1990-01-01,17797.0,5.4,37617.0,9.94,,7.92,7.356,248659.0,127.5,9364.259,268.869,8.99,7.64,51.96856,18.5664832355628,2354750.0,100.632930527825,8.21,8.23
1990-02-01,17893.0,5.3,37617.0,10.14,,8.11,7.356,248827.0,128.0,9364.259,268.869,9.22,7.74,51.96856,18.0775949908286,2354000.0,100.614360382181,8.47,8.24
1990-03-01,17868.0,5.2,37617.0,10.21,,8.35,7.356,249012.0,128.6,9364.259,268.869,9.37,7.9,51.96856,18.445834086885,2363800.0,100.685272579178,8.59,8.28
1990-04-01,17845.0,5.4,37636.0,10.3,,8.4,7.391,249306.0,128.9,9398.243,282.342,9.46,7.77,52.7473,18.3814084478022,2380250.0,100.739224577117,8.79,8.26
1990-05-01,17797.0,5.4,37636.0,10.41,,8.32,7.391,249565.0,129.1,9398.243,282.342,9.47,7.74,52.7473,18.94923399969,2390000.0,100.605714778554,8.76,8.18
1990-06-01,17776.0,5.2,37636.0,10.22,,8.1,7.391,249849.0,129.9,9398.243,282.342,9.26,7.73,52.7473,19.4770559832316,2423800.0,100.312059331079,8.48,8.29
1990-07-01,17704.0,5.5,37529.0,10.2,,7.94,7.377,250132.0,130.5,9404.494,288.2,9.24,7.62,53.75313,19.4746877907769,2471750.0,99.8160422967311,8.47,8.15
1990-08-01,17649.0,5.7,37529.0,10.41,,7.78,7.377,250439.0,131.6,9404.494,288.2,9.41,7.45,53.75313,17.9686613878244,2509250.0,99.020184085208,8.75,8.13
1990-09-01,17609.0,5.9,37529.0,10.64,,7.76,7.377,250751.0,132.5,9404.494,288.2,9.56,7.36,53.75313,17.1543155963423,2595400.0,98.2556112267263,8.89,8.2
1990-10-01,17577.0,5.9,37056.0,10.74,,7.55,7.303,251057.0,133.4,9318.876,289.53,9.53,7.17,56.03613,16.6420900862257,2720750.0,97.6445377277714,8.72,8.11
1990-11-01,17428.0,6.2,37056.0,10.62,,7.31,7.303,251346.0,133.7,9318.876,289.53,9.3,7.06,56.03613,17.0545141499914,2888250.0,97.4275365159544,8.39,7.81
1990-12-01,17395.0,6.3,37056.0,10.43,,7.05,7.303,251626.0,134.2,9318.876,289.53,9.05,6.74,56.03613,17.7827130014709,2968200.0,97.493506666392,8.08,7.31
1991-01-01,17330.0,6.4,36769.0,10.45,,6.64,7.247,251889.0,134.7,9275.276,303.293,9.04,6.22,57.41652,17.6221301809507,3088000.0,97.8517671048057,8.09,6.91
1991-02-01,17211.0,6.6,36769.0,10.07,,6.27,7.247,252135.0,134.8,9275.276,303.293,8.83,5.94,57.41652,19.5830831822718,3262750.0,98.505350149636,7.85,6.25
1991-03-01,17140.0,6.8,36769.0,10.09,,6.4,7.247,252372.0,134.8,9275.276,303.293,8.93,5.91,57.41652,20.1592081830327,3419000.0,99.2506554729935,8.11,6.12
1991-04-01,17093.0,6.7,36938.0,9.94,,6.24,7.212,252643.0,135.1,9347.597,309.454,8.86,5.65,57.74551,20.5699153852386,3483250.0,99.4611684694542,8.04,5.91
1991-05-01,17070.0,6.9,36938.0,9.86,,6.13,7.212,252913.0,135.6,9347.597,309.454,8.86,5.46,57.74551,20.4927119009967,3486750.0,99.443631170402,8.07,5.78
1991-06-01,17044.0,6.9,36938.0,9.96,,6.36,7.212,253207.0,136.0,9347.597,309.454,9.01,5.57,57.74551,20.5305597011955,3426800.0,99.5108408196818,8.28,5.9
1991-07-01,17015.0,6.8,36993.0,9.89,,6.31,7.166,253493.0,136.2,9394.834,314.815,9.0,5.58,59.06123,20.6273443870897,3307500.0,99.5740330205161,8.27,5.82
1991-08-01,17025.0,6.9,36993.0,9.65,,5.78,7.166,253807.0,136.6,9394.834,314.815,8.75,5.33,59.06123,21.1264573486625,3291800.0,99.5372680228295,7.9,5.66
1991-09-01,17010.0,6.9,36993.0,9.51,,5.57,7.166,254126.0,137.0,9394.834,314.815,8.61,5.22,59.06123,21.0489439427791,3296250.0,99.3314166143315,7.65,5.45
1991-10-01,16999.0,7.0,36995.0,9.49,,5.33,7.058,254435.0,137.2,9427.581,318.455,8.55,4.99,60.68599,21.1034105991122,3311000.0,98.8415997647965,7.53,5.21
1991-11-01,16961.0,7.0,36995.0,9.45,,4.89,7.058,254718.0,137.8,9427.581,318.455,8.48,4.56,60.68599,21.1183627940432,3310600.0,98.2345126494581,7.42,4.81
1991-12-01,16916.0,7.3,36995.0,9.26,,4.38,7.058,254964.0,138.2,9427.581,318.455,8.31,4.07,60.68599,21.2187264937533,3349250.0,97.8773202085322,7.09,4.43
1992-01-01,16839.0,7.3,37328.0,9.13,,4.15,6.886,255214.0,138.3,9540.444,328.586,8.2,3.8,60.99679,22.7115872444266,3353250.0,97.8271962055138,7.03,4.03
1992-02-01,16829.0,7.4,37328.0,9.23,,4.29,6.886,255448.0,138.6,9540.444,328.586,8.29,3.84,60.99679,22.5906336624298,3314600.0,98.0791903146954,7.34,4.06
1992-03-01,16805.0,7.4,37328.0,9.25,,4.63,6.886,255703.0,139.1,9540.444,328.586,8.35,4.04,60.99679,22.3027770350227,3312000.0,98.5313212937587,7.54,3.98
1992-04-01,16831.0,7.4,37607.0,9.21,,4.3,6.814,255992.0,139.4,9643.893,340.749,8.33,3.75,61.57938,22.2371300943177,3343750.0,98.8904972739575,7.48,3.73
1992-05-01,16835.0,7.6,37607.0,9.13,,4.19,6.814,256285.0,139.7,9643.893,340.749,8.28,3.63,61.57938,22.6390449194851,3344800.0,99.094987608306,7.39,3.82
1992-06-01,16826.0,7.8,37607.0,9.05,,4.17,6.814,256589.0,140.1,9643.893,340.749,8.22,3.66,61.57938,22.2497839839321,3289750.0,99.1010140292544,7.26,3.76
1992-07-01,16819.0,7.7,37839.0,8.84,,3.6,6.735,256894.0,140.5,9739.185,323.237,8.07,3.21,61.89802,22.5956819732486,3217750.0,98.9212055441327,6.84,3.25
1992-08-01,16783.0,7.6,37839.0,8.65,,3.47,6.735,257232.0,140.8,9739.185,323.237,7.95,3.13,61.89802,22.7840669125797,3250200.0,98.7643391520773,6.59,3.3
1992-09-01,16761.0,7.6,37839.0,8.62,,3.18,6.735,257548.0,141.1,9739.185,323.237,7.92,2.91,61.89802,22.7898647446923,3204250.0,98.7535523925486,6.42,3.22
1992-10-01,16751.0,7.3,38102.0,8.84,,3.3,6.584,257861.0,141.7,9840.753,330.015,7.99,2.86,62.52256,22.4770180707235,3062400.0,99.0224734299375,6.59,3.1
1992-11-01,16758.0,7.4,38102.0,8.96,,3.68,6.584,258147.0,142.1,9840.753,330.015,8.1,3.13,62.52256,23.0581289221955,2949000.0,99.6652715056468,6.87,3.09
1992-12-01,16769.0,7.4,38102.0,8.81,,3.71,6.584,258413.0,142.3,9840.753,330.015,7.98,3.22,62.52256,23.7152580612079,2823750.0,100.188348886441,6.77,2.92
1993-01-01,16791.0,7.3,38053.0,8.67,,3.5,6.508,258679.0,142.8,9857.185,328.957,7.91,3.0,62.86657,23.7347707243883,2713000.0,100.32521416749,6.6,3.02
1993-02-01,16805.0,7.1,38053.0,8.39,,3.39,6.508,258919.0,143.1,9857.185,328.957,7.71,2.93,62.86657,24.1051869050122,2641000.0,100.20579879648,6.26,3.03
1993-03-01,16795.0,7.0,38053.0,8.15,,3.33,6.508,259152.0,143.3,9857.185,328.957,7.58,2.95,62.86657,24.5713031909538,2687500.0,100.013088347241,5.98,3.07
1993-04-01,16772.0,7.1,38158.0,8.14,,3.24,6.406,259414.0,143.8,9914.565,343.279,7.46,2.87,63.91524,24.2349580016886,2775500.0,99.7745618305407,5.97,2.96
1993-05-01,16766.0,7.1,38158.0,8.21,,3.36,6.406,259680.0,144.2,9914.565,343.279,7.43,2.96,63.91524,24.3632117551253,2778400.0,99.4698713128922,6.04,3.0
1993-06-01,16742.0,7.0,38158.0,8.07,,3.54,6.406,259963.0,144.3,9914.565,343.279,7.33,3.07,63.91524,24.4769096904015,2812000.0,99.2329266487893,5.96,3.04
1993-07-01,16739.0,6.9,38210.0,7.93,,3.47,6.289,260255.0,144.5,9961.873,355.933,7.17,3.04,64.10093,24.5449193446044,2782800.0,99.0127811394042,5.81,3.06
1993-08-01,16741.0,6.8,38210.0,7.6,,3.44,6.289,260566.0,144.8,9961.873,355.933,6.85,3.02,64.10093,24.9488790382136,2803250.0,98.9563433345667,5.68,3.03
1993-09-01,16769.0,6.7,38210.0,7.34,,3.36,6.289,260867.0,145.0,9961.873,355.933,6.66,2.95,64.10093,25.2390409577778,2826000.0,99.0818957751168,5.36,3.09
1993-10-01,16778.0,6.8,38606.0,7.31,,3.39,6.25,261163.0,145.6,10097.362,375.422,6.67,3.02,64.66861,25.5033019471838,2825000.0,99.3719745822112,5.33,2.99
1993-11-01,16800.0,6.6,38606.0,7.66,,3.58,6.25,261425.0,146.0,10097.362,375.422,6.93,3.1,64.66861,25.3448158157347,2800750.0,99.7207005857111,5.72,3.02
1993-12-01,16815.0,6.5,38606.0,7.69,,3.61,6.25,261674.0,146.3,10097.362,375.422,6.93,3.06,64.66861,25.5228923553567,2762250.0,100.226769068588,5.77,2.96
1994-01-01,16855.0,6.6,38876.0,7.65,0.264,3.54,6.264,261919.0,146.3,10195.338,404.995,6.92,2.98,64.30709,25.9565323167137,2709600.0,100.66251484108,5.75,3.05
1994-02-01,16862.0,6.6,38876.0,7.76,0.328,3.87,6.264,262123.0,146.7,10195.338,404.995,7.08,3.25,64.30709,25.942616562465,2792500.0,100.818152062086,5.97,3.25
1994-03-01,16897.0,6.5,38876.0,8.13,0.535,4.32,6.264,262352.0,147.1,10195.338,404.995,7.48,3.5,64.30709,25.4828704863581,2754500.0,100.807011417543,6.48,3.34
1994-04-01,16933.0,6.4,39288.0,8.52,0.748,4.82,6.339,262631.0,147.2,10333.495,418.333,7.88,3.68,64.10716,24.5566746291051,2736600.0,100.776283023027,6.97,3.56
1994-05-01,16962.0,6.1,39288.0,8.62,0.83,5.31,6.339,262877.0,147.5,10333.495,418.333,7.99,4.14,64.10716,24.7143990638008,2752750.0,100.711653622981,7.18,4.01
1994-06-01,17010.0,6.1,39288.0,8.65,0.803,5.27,6.339,263152.0,147.9,10333.495,418.333,7.97,4.14,64.10716,24.8775419058247,2720000.0,100.60165486161,7.1,4.25
1994-07-01,17026.0,6.1,39390.0,8.8,0.872,5.48,6.369,263436.0,148.4,10393.898,439.704,8.11,4.33,64.01176,24.6876877537822,2659600.0,100.526587205911,7.3,4.26
1994-08-01,17081.0,6.0,39390.0,8.74,0.751,5.56,6.369,263724.0,149.0,10393.898,439.704,8.07,4.48,64.01176,25.3602363256711,2647500.0,100.574162523207,7.24,4.47
1994-09-01,17115.0,5.9,39390.0,8.98,0.807,5.76,6.369,264017.0,149.3,10393.898,439.704,8.34,4.62,64.01176,25.510848053542,2629250.0,100.647331984077,7.46,4.73
1994-10-01,17144.0,5.8,39720.0,9.2,0.964,6.11,6.479,264301.0,149.4,10512.962,453.102,8.57,4.95,64.38584,25.2744568223081,2574000.0,100.74468680528,7.74,4.76
1994-11-01,17186.0,5.6,39720.0,9.32,0.975,6.54,6.479,264559.0,149.8,10512.962,453.102,8.68,5.29,64.38584,25.0032919445754,2532250.0,100.862994265901,7.96,5.29
1994-12-01,17217.0,5.5,39720.0,9.1,0.999,7.14,6.479,264804.0,150.1,10512.962,453.102,8.46,5.6,64.38584,24.6242917371243,2528800.0,101.045610024027,7.81,5.45
1995-01-01,17262.0,5.6,39754.0,9.08,1.018,7.05,6.55,265044.0,150.5,10550.251,467.603,8.46,5.71,64.66271,25.1106233039233,2512500.0,101.130550779743,7.78,5.53
1995-02-01,17265.0,5.4,39754.0,8.85,0.878,6.7,6.55,265270.0,150.9,10550.251,467.603,8.26,5.77,64.66271,25.9325656456295,2522500.0,100.993032669135,7.47,5.92
1995-03-01,17263.0,5.4,39754.0,8.7,0.88,6.43,6.55,265495.0,151.2,10550.251,467.603,8.12,5.73,64.66271,26.4223639685068,2531250.0,100.76421204582,7.2,5.98
1995-04-01,17278.0,5.8,39760.0,8.6,0.847,6.27,6.614,265755.0,151.8,10581.723,491.19,8.03,5.65,65.31294,27.1715492944555,2519400.0,100.665022054311,7.06,6.05
1995-05-01,17259.0,5.6,39760.0,8.2,0.723,6.0,6.614,265998.0,152.1,10581.723,491.19,7.65,5.67,65.31294,27.9074178051112,2573000.0,100.651924701831,6.63,6.01
1995-06-01,17247.0,5.6,39760.0,7.9,0.736,5.64,6.614,266270.0,152.4,10581.723,491.19,7.3,5.47,65.31294,28.6715343280059,2606750.0,100.783340602595,6.17,6.0
1995-07-01,17218.0,5.7,39969.0,8.04,0.734,5.59,6.714,266557.0,152.6,10671.738,498.739,7.41,5.42,64.73906,29.5286083496492,2622800.0,100.90477027007,6.28,5.85
1995-08-01,17240.0,5.7,39969.0,8.19,0.75,5.75,6.714,266843.0,152.9,10671.738,498.739,7.57,5.4,64.73906,29.713814192184,2607250.0,100.869648799409,6.49,5.74
1995-09-01,17247.0,5.6,39969.0,7.93,0.691,5.62,6.714,267152.0,153.1,10671.738,498.739,7.32,5.28,64.73906,30.7398090232331,2626800.0,100.624419645303,6.2,5.8
1995-10-01,17216.0,5.5,40117.0,7.75,0.669,5.59,6.86,267456.0,153.5,10744.203,505.677,7.12,5.28,64.18282,30.8753734002734,2663250.0,100.462306799445,6.04,5.76
1995-11-01,17209.0,5.6,40117.0,7.68,0.55,5.43,6.86,267715.0,153.7,10744.203,505.677,7.02,5.36,64.18282,31.4498633211001,2672000.0,100.381793855909,5.93,5.8
1995-12-01,17231.0,5.6,40117.0,7.49,0.5,5.31,6.86,267943.0,153.9,10744.203,505.677,6.82,5.14,64.18282,32.4717494215486,2612600.0,100.406651256358,5.71,5.6
1996-01-01,17208.0,5.6,40317.0,7.47,0.506,5.09,7.016,268151.0,154.7,10824.674,524.958,6.81,5.0,65.04171,32.6031477496707,2648750.0,100.423504003802,5.65,5.56
1996-02-01,17229.0,5.5,40317.0,7.63,0.475,4.94,7.016,268364.0,155.0,10824.674,524.958,6.99,4.83,65.04171,34.3099113392397,2692750.0,100.497097583847,5.81,5.22
1996-03-01,17193.0,5.5,40317.0,8.03,0.724,5.34,7.016,268595.0,155.5,10824.674,524.958,7.35,4.96,65.04171,34.337284713289,2685000.0,100.646941771932,6.27,5.31
1996-04-01,17204.0,5.6,40873.0,8.19,0.84,5.54,7.18,268853.0,156.1,11005.217,526.924,7.5,4.95,64.2497,34.4135262800271,2633500.0,100.67653896137,6.51,5.22
1996-05-01,17222.0,5.6,40873.0,8.3,0.785,5.64,7.18,269108.0,156.4,11005.217,526.924,7.62,5.02,64.2497,35.14031770457,2590500.0,100.655197572716,6.74,5.24
1996-06-01,17226.0,5.3,40873.0,8.4,0.826,5.81,7.18,269386.0,156.7,11005.217,526.924,7.71,5.09,64.2497,35.4843561734029,2548000.0,100.766962249439,6.91,5.27
1996-07-01,17223.0,5.5,41106.0,8.35,0.848,5.85,7.369,269667.0,157.0,11103.935,522.644,7.65,5.15,64.25469,34.2169410656243,2490000.0,100.931095617413,6.87,5.4
1996-08-01,17255.0,5.1,41106.0,8.18,0.76,5.67,7.369,269976.0,157.2,11103.935,522.644,7.46,5.05,64.25469,35.1151962379703,2494400.0,101.054731452888,6.64,5.22
1996-09-01,17252.0,5.2,41106.0,8.35,0.836,5.83,7.369,270284.0,157.7,11103.935,522.644,7.66,5.09,64.25469,35.7465031845851,2473000.0,101.148128328775,6.83,5.3
1996-10-01,17268.0,5.2,41401.0,8.07,0.773,5.55,7.623,270581.0,158.2,11219.238,534.89,7.39,4.99,64.44697,36.9917460779801,2460250.0,101.273917348106,6.53,5.24
1996-11-01,17277.0,5.4,41401.0,7.79,0.594,5.42,7.623,270878.0,158.7,11219.238,534.89,7.1,5.03,64.44697,38.4985691493521,2428600.0,101.380821699213,6.2,5.31
1996-12-01,17284.0,5.4,41401.0,7.89,0.718,5.47,7.623,271125.0,159.1,11219.238,534.89,7.2,4.91,64.44697,38.7816307435975,2487750.0,101.396518343206,6.3,5.29
1997-01-01,17297.0,5.3,41558.0,8.09,0.739,5.61,7.761,271360.0,159.4,11291.665,546.764,7.42,5.03,64.34428,39.967295694617,2487750.0,101.448709723087,6.58,5.25
1997-02-01,17316.0,5.2,41558.0,7.94,0.627,5.53,7.761,271585.0,159.7,11291.665,546.764,7.31,5.01,64.34428,41.450957904285,2415000.0,101.570040105498,6.42,5.19
1997-03-01,17340.0,5.2,41558.0,8.18,0.694,5.8,7.761,271821.0,159.8,11291.665,546.764,7.55,5.14,64.34428,41.2677650492193,2347600.0,101.706640508284,6.69,5.39
1997-04-01,17349.0,5.1,42128.0,8.34,0.858,5.99,8.002,272083.0,159.9,11479.33,565.264,7.73,5.16,63.10907,39.7115855023993,2324250.0,101.876185332347,6.89,5.51
1997-05-01,17362.0,4.9,42128.0,8.2,0.806,5.87,8.002,272342.0,159.9,11479.33,565.264,7.58,5.05,63.10907,42.9164168277964,2302800.0,102.067733743324,6.71,5.5
1997-06-01,17387.0,5.0,42128.0,8.02,0.761,5.69,8.002,272622.0,160.2,11479.33,565.264,7.41,4.93,63.10907,45.2638231411468,2295500.0,102.242246508386,6.49,5.56
1997-07-01,17389.0,4.9,42514.0,7.75,0.597,5.54,8.102,272912.0,160.4,11622.911,587.262,7.14,5.05,62.48709,47.6273711637351,2269500.0,102.359688292064,6.22,5.52
1997-08-01,17452.0,4.8,42514.0,7.82,0.558,5.56,8.102,273237.0,160.8,11622.911,587.262,7.22,5.14,62.48709,47.6865879726127,2272400.0,102.36242929056,6.3,5.54
1997-09-01,17465.0,4.9,42514.0,7.7,0.646,5.52,8.102,273553.0,161.2,11622.911,587.262,7.15,4.95,62.48709,48.4996187769938,2234750.0,102.373632246795,6.21,5.54
1997-10-01,17513.0,4.7,42745.0,7.57,0.656,5.46,8.196,273852.0,161.5,11722.722,589.208,7.0,4.97,62.77032,49.4408603460734,2215500.0,102.366535391692,6.03,5.5
1997-11-01,17556.0,4.6,42745.0,7.42,0.692,5.46,8.196,274126.0,161.7,11722.722,589.208,6.87,5.14,62.77032,48.7314489686683,2215000.0,102.347605671779,5.88,5.52
1997-12-01,17588.0,4.7,42745.0,7.32,0.585,5.53,8.196,274372.0,161.8,11722.722,589.208,6.76,5.16,62.77032,49.9765281864231,2235250.0,102.315046558331,5.81,5.5
1998-01-01,17619.0,4.6,43062.0,7.19,0.5,5.24,8.238,274626.0,162.0,11839.876,514.609,6.61,5.04,62.50988,49.924498101799,2275200.0,102.472083951116,5.54,5.56
1998-02-01,17627.0,4.6,43062.0,7.25,0.377,5.31,8.238,274838.0,162.0,11839.876,514.609,6.67,5.09,62.50988,52.6996432215704,2224250.0,102.640014955875,5.57,5.51
1998-03-01,17637.0,4.7,43062.0,7.32,0.402,5.39,8.238,275047.0,162.0,11839.876,514.609,6.72,5.03,62.50988,55.5261963349057,2221750.0,102.647797258566,5.65,5.49
1998-04-01,17637.0,4.3,43342.0,7.33,0.429,5.38,8.326,275304.0,162.2,11949.492,512.233,6.69,4.95,61.85196,57.2448812541473,2182500.0,102.625714057213,5.64,5.45
1998-05-01,17624.0,4.4,43342.0,7.3,0.436,5.44,8.326,275564.0,162.6,11949.492,512.233,6.69,5.0,61.85196,56.8894276269608,2134600.0,102.523848561122,5.65,5.49
1998-06-01,17608.0,4.5,43342.0,7.13,0.419,5.41,8.326,275836.0,162.8,11949.492,512.233,6.53,4.98,61.85196,56.4233872222298,2214250.0,102.401406944998,5.5,5.56
1998-07-01,17422.0,4.5,43748.0,7.15,0.374,5.36,8.469,276115.0,163.2,12099.191,507.761,6.55,4.96,60.58693,58.0705779081905,2333750.0,102.261344092275,5.46,5.54
1998-08-01,17563.0,4.5,43748.0,7.14,0.603,5.21,8.469,276418.0,163.4,12099.191,507.761,6.52,4.9,60.58693,53.3936228220561,2237600.0,102.063479857826,5.34,5.55
1998-09-01,17557.0,4.6,43748.0,7.09,1.014,4.71,8.469,276714.0,163.5,12099.191,507.761,6.4,4.61,60.58693,50.1651235364278,2153000.0,101.815972874728,4.81,5.51
1998-10-01,17512.0,4.5,44321.0,7.18,1.338,4.12,8.511,277003.0,163.9,12294.737,490.487,6.37,3.96,60.40696,50.6531261382298,2164400.0,101.676006696798,4.53,5.07
1998-11-01,17465.0,4.4,44321.0,7.34,0.918,4.53,8.511,277277.0,164.1,12294.737,490.487,6.41,4.41,60.40696,55.8790096481152,2203750.0,101.772142629553,4.83,4.83
1998-12-01,17449.0,4.4,44321.0,7.23,0.768,4.52,8.511,277526.0,164.4,12294.737,490.487,6.22,4.39,60.40696,57.0383845600187,2220250.0,101.919131756006,4.65,4.68
1999-01-01,17427.0,4.3,44627.0,7.29,0.726,4.51,8.578,277790.0,164.7,12410.778,523.039,6.24,4.34,60.04894,58.9662191873068,2287200.0,102.165583862855,4.72,4.63
1999-02-01,17395.0,4.4,44627.0,7.39,0.666,4.7,8.578,277992.0,164.7,12410.778,523.039,6.4,4.44,60.04894,58.2997286090052,2240500.0,102.379738561263,5.0,4.76
1999-03-01,17368.0,4.2,44627.0,7.53,0.652,4.78,8.578,278198.0,164.8,12410.778,523.039,6.62,4.44,60.04894,59.7840802400251,2227000.0,102.416020070654,5.23,4.81
1999-04-01,17344.0,4.3,44876.0,7.48,0.604,4.69,8.647,278451.0,165.9,12514.408,537.853,6.64,4.29,59.19227,62.1668620890372,2237500.0,102.411067502869,5.18,4.74
1999-05-01,17333.0,4.2,44876.0,7.72,0.653,4.85,8.647,278717.0,166.0,12514.408,537.853,6.93,4.5,59.19227,62.9455527494763,2214400.0,102.455919077025,5.54,4.74
1999-06-01,17295.0,4.3,44876.0,8.02,0.835,5.1,8.647,279001.0,166.0,12514.408,537.853,7.23,4.57,59.19227,62.3427125425497,2192250.0,102.467344810909,5.9,4.76
1999-07-01,17308.0,4.3,45326.0,7.95,0.849,5.03,8.82,279295.0,166.7,12679.977,536.775,7.19,4.55,58.39258,64.2542978108055,2193200.0,102.410234699602,5.79,4.99
1999-08-01,17287.0,4.2,45326.0,8.15,0.96,5.2,8.82,279602.0,167.1,12679.977,536.775,7.4,4.72,58.39258,61.5005964476692,2180250.0,102.346909289038,5.94,5.07
1999-09-01,17281.0,4.2,45326.0,8.2,1.016,5.25,8.82,279903.0,167.8,12679.977,536.775,7.39,4.68,58.39258,60.1979430965846,2162000.0,102.336315387943,5.92,5.22
1999-10-01,17272.0,4.1,45932.0,8.38,1.277,5.43,8.902,280203.0,168.1,12888.281,556.245,7.55,4.86,58.34336,59.3237406289936,2102800.0,102.315142556064,6.11,5.2
1999-11-01,17282.0,4.1,45932.0,8.15,1.032,5.55,8.902,280471.0,168.4,12888.281,556.245,7.36,5.07,58.34336,62.8075053373,2085750.0,102.436393065474,6.03,5.42
1999-12-01,17280.0,4.0,45932.0,8.19,1.025,5.84,8.902,280716.0,168.8,12888.281,556.245,7.55,5.2,58.34336,63.1987537761486,2097250.0,102.604664272872,6.28,5.3
2000-01-01,17284.0,4.0,45983.0,8.33,1.054,6.12,8.989,280976.0,169.3,12935.252,527.574,7.78,5.32,57.72134,62.8660189009962,2109800.0,102.840788569758,6.66,5.45
2000-02-01,17285.0,4.1,45983.0,8.29,1.013,6.22,8.989,281190.0,170.0,12935.252,527.574,7.68,5.55,57.72134,59.923865914473,2147500.0,102.894911468218,6.52,5.73
2000-03-01,17302.0,4.0,45983.0,8.37,0.972,6.22,8.989,281409.0,171.0,12935.252,527.574,7.68,5.69,57.72134,61.6246839648728,2079000.0,102.812086562355,6.26,5.85
2000-04-01,17298.0,3.8,46704.0,8.4,1.141,6.15,9.251,281653.0,170.9,13170.749,519.811,7.64,5.66,55.48491,64.0181920098078,2015400.0,102.793121799397,5.99,6.02
2000-05-01,17279.0,4.0,46704.0,8.9,1.393,6.33,9.251,281877.0,171.2,13170.749,519.811,7.99,5.79,55.48491,63.338333076556,1989500.0,102.767219403005,6.44,6.27
2000-06-01,17296.0,4.0,46704.0,8.48,1.337,6.17,9.251,282126.0,172.2,13170.749,519.811,7.67,5.69,55.48491,64.3315696087416,2028250.0,102.666033127503,6.1,6.53
2000-07-01,17322.0,4.0,46624.0,8.35,1.078,6.08,9.37,282385.0,172.7,13183.89,513.298,7.65,5.96,54.99213,64.6789448372071,2085600.0,102.631779576622,6.05,6.54
2000-08-01,17287.0,4.1,46624.0,8.26,0.884,6.18,9.37,282653.0,172.7,13183.89,513.298,7.55,6.09,54.99213,65.9681386953433,2117250.0,102.596092234945,5.83,6.5
2000-09-01,17230.0,3.9,46624.0,8.35,0.915,6.13,9.37,282932.0,173.6,13183.89,513.298,7.62,6.0,54.99213,66.1083437956433,2119600.0,102.545072987091,5.8,6.52
2000-10-01,17217.0,3.9,46777.0,8.34,1.071,6.01,9.546,283201.0,173.9,13262.25,491.81,7.55,6.11,54.2579,64.0261528872464,2116250.0,102.433506844499,5.74,6.51
2000-11-01,17202.0,3.9,46777.0,8.28,1.065,6.09,9.546,283453.0,174.2,13262.25,491.81,7.45,6.17,54.2579,63.9463567980976,2211250.0,102.17514488583,5.72,6.51
2000-12-01,17181.0,3.9,46777.0,8.02,1.246,5.6,9.546,283696.0,174.6,13262.25,491.81,7.21,5.77,54.2579,63.8902560265013,2306400.0,101.632797784664,5.24,6.4
2001-01-01,17104.0,4.2,46519.0,7.93,1.071,4.81,9.499,283920.0,175.6,13219.251,528.836,7.15,5.15,55.14434,64.4254143051348,2395750.0,101.095348474983,5.16,5.98
2001-02-01,17028.0,4.2,46519.0,7.87,0.869,4.68,9.499,284137.0,176.0,13219.251,528.836,7.1,4.88,55.14434,64.1760046978542,2486500.0,100.702551195291,5.1,5.49
2001-03-01,16938.0,4.3,46519.0,7.84,0.962,4.3,9.499,284350.0,176.1,13219.251,528.836,6.98,4.42,55.14434,59.7594035523308,2585400.0,100.533032123184,4.89,5.31
2001-04-01,16802.0,4.4,46698.0,8.07,1.161,3.98,9.459,284581.0,176.4,13301.394,551.684,7.2,3.87,54.03165,60.092917488315,2697250.0,100.499048933967,5.14,4.8
2001-05-01,16661.0,4.3,46698.0,8.07,0.9,3.78,9.459,284810.0,177.3,13301.394,551.684,7.29,3.62,54.03165,63.8312518760744,2819250.0,100.625335226166,5.39,4.21
2001-06-01,16515.0,4.5,46698.0,7.97,0.77,3.58,9.459,285062.0,177.7,13301.394,551.684,7.18,3.49,54.03165,62.4747183605462,2947400.0,100.706518604568,5.28,3.97
2001-07-01,16382.0,4.6,46390.0,7.97,0.732,3.62,9.098,285309.0,177.4,13248.142,505.61,7.13,3.51,54.79763,60.7987195162783,3030750.0,100.61813580165,5.24,3.77
2001-08-01,16232.0,4.9,46390.0,7.85,0.63,3.47,9.098,285570.0,177.4,13248.142,505.61,7.02,3.36,54.79763,59.8657046804808,3120000.0,100.30833286811,4.97,3.65
2001-09-01,16117.0,5.0,46390.0,8.03,1.026,2.82,9.098,285843.0,178.1,13248.142,505.61,7.17,2.64,54.79763,54.5954165014004,3262200.0,99.8619534528108,4.73,3.07
2001-10-01,15972.0,5.3,46400.0,7.91,0.934,2.33,9.086,286098.0,177.6,13284.881,489.453,7.03,2.16,55.75216,55.0646399833664,3527500.0,99.7010163829093,4.57,2.49
2001-11-01,15825.0,5.5,46400.0,7.81,0.812,2.18,9.086,286341.0,177.5,13284.881,489.453,6.97,1.87,55.75216,56.9918279251659,3656500.0,99.8528107146677,4.65,2.09
2001-12-01,15711.0,5.7,46400.0,8.05,0.902,2.22,9.086,286570.0,177.4,13284.881,489.453,6.77,1.69,55.75216,57.7323768417139,3589400.0,100.220158156761,5.09,1.82
2002-01-01,15587.0,5.7,46683.0,7.87,0.713,2.16,9.05,286788.0,177.7,13394.91,538.088,6.55,1.65,55.6965,57.6208309001926,3550500.0,100.575385876392,5.04,1.73
2002-02-01,15515.0,5.7,46683.0,7.89,0.668,2.23,9.05,286994.0,178.0,13394.91,538.088,6.51,1.72,55.6965,56.4110585016786,3554250.0,100.788194870191,4.91,1.74
2002-03-01,15443.0,5.7,46683.0,8.11,0.674,2.57,9.05,287190.0,178.5,13394.91,538.088,6.81,1.79,55.6965,59.4904195522896,3610800.0,100.980617227147,5.28,1.73
2002-04-01,15392.0,5.9,46866.0,8.03,0.639,2.48,9.15,287397.0,179.3,13477.356,596.152,6.76,1.71,56.27087,58.1882073181068,3689250.0,101.034820120546,5.21,1.75
2002-05-01,15337.0,5.8,46866.0,8.09,0.535,2.35,9.15,287623.0,179.5,13477.356,596.152,6.75,1.73,56.27087,57.0232031480119,3712000.0,101.008046525499,5.16,1.75
2002-06-01,15298.0,5.8,46866.0,7.95,0.676,2.2,9.15,287864.0,179.6,13477.356,596.152,6.63,1.7,56.27087,53.9080649776182,3635200.0,100.750436265319,4.93,1.75
2002-07-01,15256.0,5.8,46936.0,7.9,0.893,1.96,9.199,288105.0,180.0,13531.741,652.139,6.53,1.68,56.7026,48.2562166257774,3504250.0,100.405542804665,4.65,1.73
2002-08-01,15171.0,5.7,46936.0,7.58,0.958,1.76,9.199,288360.0,180.5,13531.741,652.139,6.37,1.62,56.7026,48.7076452052338,3516800.0,100.121316742692,4.26,1.74
2002-09-01,15119.0,5.7,46936.0,7.4,0.904,1.72,9.199,288618.0,180.8,13531.741,652.139,6.15,1.63,56.7026,46.7630369904512,3555000.0,99.8726670296467,3.87,1.75
2002-10-01,15060.0,5.7,46883.0,7.73,1.018,1.65,9.132,288870.0,181.2,13549.421,725.113,6.32,1.58,57.91028,45.5427749651946,3555750.0,99.6849507213977,3.94,1.75
2002-11-01,14992.0,5.9,46883.0,7.62,0.796,1.49,9.132,289106.0,181.5,13549.421,725.113,6.31,1.23,57.91028,47.8747501103986,3482400.0,99.7004137701344,4.05,1.34
2002-12-01,14912.0,6.0,46883.0,7.45,0.662,1.45,9.132,289313.0,181.8,13549.421,725.113,6.21,1.19,57.91028,47.5248461326291,3482750.0,99.6978079506886,4.03,1.24
2003-01-01,14866.0,5.8,47027.0,7.35,0.557,1.36,9.048,289518.0,182.6,13619.434,721.524,6.17,1.17,57.81906,47.3498941437444,3414500.0,99.5142292254232,4.05,1.24
2003-02-01,14781.0,5.9,47027.0,7.06,0.544,1.3,9.048,289714.0,183.6,13619.434,721.524,5.95,1.17,57.81906,44.3759913048487,3437000.0,99.351405100918,3.9,1.26
2003-03-01,14721.0,5.9,47027.0,6.95,0.46,1.24,9.048,289911.0,183.9,13619.434,721.524,5.89,1.13,57.81906,44.2455265722382,3540800.0,99.4369411091827,3.81,1.25
2003-04-01,14609.0,6.0,47342.0,6.85,0.27,1.27,8.932,290125.0,183.2,13741.107,723.377,5.74,1.13,58.96101,46.6297625363917,3629750.0,99.8834633949219,3.96,1.26
2003-05-01,14557.0,6.1,47342.0,6.38,0.022,1.18,8.932,290346.0,182.9,13741.107,723.377,5.22,1.07,58.96101,49.3649327095127,3719200.0,100.32369569301,3.57,1.26
2003-06-01,14493.0,6.3,47342.0,6.19,-0.033,1.01,8.932,290584.0,183.1,13741.107,723.377,4.97,0.92,58.96101,52.2927561166465,3701500.0,100.484307007876,3.33,1.22
2003-07-01,14402.0,6.2,48012.0,6.62,0.032,1.12,8.941,290820.0,183.7,13970.157,763.915,5.49,0.9,58.64541,52.1439345372365,3616250.0,100.486662266286,3.98,1.01
2003-08-01,14376.0,6.1,48012.0,7.01,0.255,1.31,8.941,291072.0,184.5,13970.157,763.915,5.88,0.95,58.64541,52.2689671417125,3596400.0,100.394676726722,4.45,1.03
2003-09-01,14347.0,6.1,48012.0,6.79,0.075,1.24,8.941,291321.0,185.1,13970.157,763.915,5.72,0.94,58.64541,53.8006399608887,3575750.0,100.358227858847,4.27,1.01
2003-10-01,14334.0,6.0,48450.0,6.73,-0.01,1.25,9.048,291574.0,184.9,14131.379,816.612,5.7,0.92,59.44466,55.2053133705746,3486250.0,100.510784699241,4.29,1.01
2003-11-01,14316.0,5.8,48450.0,6.66,-0.077,1.34,9.048,291807.0,185.0,14131.379,816.612,5.65,0.93,59.44466,56.1324277913295,3373400.0,100.811500535435,4.3,1.0
2003-12-01,14300.0,5.7,48450.0,6.6,-0.107,1.31,9.048,292008.0,185.5,14131.379,816.612,5.62,0.9,59.44466,58.5198481064585,3270250.0,101.123454033823,4.27,0.98
2004-01-01,14290.0,5.7,48633.0,6.44,-0.227,1.24,9.042,292192.0,186.3,14212.34,928.229,5.54,0.88,59.8071,61.4746448395017,3148200.0,101.410971124544,4.15,1.0
2004-02-01,14279.0,5.6,48633.0,6.27,-0.337,1.24,9.042,292368.0,186.7,14212.34,928.229,5.5,0.93,59.8071,62.4027894914544,3114750.0,101.294051626702,4.08,1.01
2004-03-01,14287.0,5.8,48633.0,6.11,-0.416,1.19,9.042,292561.0,187.1,14212.34,928.229,5.33,0.94,59.8071,61.5773869871497,3046250.0,101.121345444486,3.83,1.0
2004-04-01,14315.0,5.6,48905.0,6.46,-0.284,1.43,9.065,292779.0,187.4,14323.017,967.703,5.73,0.94,60.05487,61.8444978395583,3000750.0,100.945229484987,4.35,1.0
2004-05-01,14342.0,5.6,48905.0,6.75,-0.123,1.78,9.065,292997.0,188.2,14323.017,967.703,6.04,1.02,60.05487,59.7237200899298,2975600.0,100.864575501268,4.72,1.0
2004-06-01,14332.0,5.6,48905.0,6.78,-0.201,2.12,9.065,293223.0,188.9,14323.017,967.703,6.01,1.27,60.05487,61.3312553882262,2950750.0,101.006509868034,4.73,1.03
2004-07-01,14330.0,5.5,49243.0,6.62,-0.242,2.1,9.098,293463.0,189.1,14457.832,1010.194,5.82,1.33,59.96643,60.389811388082,2917000.0,101.121177105759,4.5,1.26
2004-08-01,14345.0,5.4,49243.0,6.46,-0.273,2.02,9.098,293719.0,189.2,14457.832,1010.194,5.65,1.48,59.96643,59.4989423740179,2891500.0,101.095757634366,4.28,1.43
2004-09-01,14331.0,5.4,49243.0,6.27,-0.404,2.12,9.098,293971.0,189.8,14457.832,1010.194,5.46,1.65,59.96643,61.3456786249972,2862750.0,100.973420411882,4.13,1.61
2004-10-01,14332.0,5.5,49623.0,6.21,-0.403,2.23,9.138,294230.0,190.8,14605.595,1010.647,5.47,1.76,60.63713,61.8998493521016,2778000.0,100.881564313918,4.1,1.76
2004-11-01,14307.0,5.4,49623.0,6.2,-0.514,2.5,9.138,294466.0,191.7,14605.595,1010.647,5.52,2.07,60.63713,64.9732163302884,2734500.0,100.94765191083,4.19,1.93
2004-12-01,14287.0,5.4,49623.0,6.15,-0.531,2.67,9.138,294694.0,191.7,14605.595,1010.647,5.47,2.19,60.63713,66.8493609990995,2719000.0,101.087384028439,4.23,2.16
2005-01-01,14257.0,5.3,50068.0,6.02,-0.516,2.86,9.321,294914.0,191.6,14767.846,1228.657,5.36,2.33,60.91302,66.0967302803212,2723800.0,101.072232027507,4.22,2.28
2005-02-01,14273.0,5.4,50068.0,5.82,-0.606,3.03,9.321,295105.0,192.4,14767.846,1228.657,5.2,2.54,60.91302,67.8469994282217,2686500.0,100.912037930181,4.17,2.5
2005-03-01,14269.0,5.2,50068.0,6.06,-0.487,3.3,9.321,295287.0,193.1,14767.846,1228.657,5.4,2.74,60.91302,68.08076825277,2659500.0,100.675810237092,4.5,2.63
2005-04-01,14250.0,5.2,50204.0,6.05,-0.382,3.32,9.445,295490.0,193.7,14839.707,1252.584,5.33,2.78,60.64153,66.290413745532,2604400.0,100.481856363827,4.34,2.79
2005-05-01,14256.0,5.1,50204.0,6.01,-0.344,3.33,9.445,295704.0,193.6,14839.707,1252.584,5.15,2.84,60.64153,66.4794143416612,2586250.0,100.551801411668,4.14,3.0
2005-06-01,14227.0,5.0,50204.0,5.86,-0.44,3.36,9.445,295936.0,193.7,14839.707,1252.584,4.96,2.97,60.64153,67.7982039323925,2600000.0,100.809326227877,4.0,3.04
2005-07-01,14226.0,5.0,50470.0,5.95,-0.474,3.64,9.557,296186.0,194.9,14956.291,1296.981,5.06,3.22,60.35856,69.1415317571108,2595200.0,100.713044265929,4.18,3.26
2005-08-01,14203.0,4.9,50470.0,5.96,-0.477,3.87,9.557,296440.0,196.1,14956.291,1296.981,5.09,3.44,60.35856,70.0831630720183,2580750.0,100.104377564861,4.26,3.5
2005-09-01,14175.0,5.0,50470.0,6.03,-0.394,3.85,9.557,296707.0,198.8,14956.291,1296.981,5.13,3.42,60.35856,71.011588696116,2716500.0,99.3645750186653,4.2,3.62
2005-10-01,14192.0,5.0,50629.0,6.3,-0.276,4.18,9.686,296972.0,199.1,15041.232,1363.54,5.35,3.71,61.32008,69.0557415955378,2803400.0,99.1244817271303,4.46,3.78
2005-11-01,14187.0,5.0,50629.0,6.39,-0.291,4.33,9.686,297207.0,198.1,15041.232,1363.54,5.42,3.88,61.32008,71.1132069551844,2701250.0,99.5223756403039,4.54,4.0
2005-12-01,14193.0,4.9,50629.0,6.32,-0.268,4.35,9.686,297431.0,198.1,15041.232,1363.54,5.37,3.89,61.32008,72.9563842256618,2639400.0,100.116084789809,4.47,4.16
2006-01-01,14210.0,4.7,51200.0,6.24,-0.428,4.45,9.852,297647.0,199.3,15244.088,1387.911,5.29,4.24,61.55642,74.8948110532568,2557000.0,100.383990725903,4.42,4.29
2006-02-01,14209.0,4.8,51200.0,6.27,-0.446,4.68,9.852,297854.0,199.4,15244.088,1387.911,5.35,4.43,61.55642,75.3682491173962,2507250.0,100.333898255435,4.57,4.49
2006-03-01,14214.0,4.7,51200.0,6.41,-0.407,4.77,9.852,298060.0,199.7,15244.088,1387.911,5.53,4.51,61.55642,76.5587280952945,2455500.0,100.198687721295,4.72,4.59
2006-04-01,14226.0,4.7,51210.0,6.68,-0.297,4.9,9.957,298281.0,200.7,15281.525,1425.152,5.84,4.6,61.22142,78.1582088587708,2401000.0,99.939780705839,4.99,4.79
2006-05-01,14203.0,4.6,51210.0,6.75,-0.256,5.0,9.957,298496.0,201.3,15281.525,1425.152,5.95,4.72,61.22142,78.1904269980514,2383750.0,99.6495903178056,5.11,4.94
2006-06-01,14213.0,4.6,51210.0,6.78,-0.111,5.16,9.957,298739.0,201.8,15281.525,1425.152,5.89,4.79,61.22142,74.7909450170292,2408500.0,99.6282192854274,5.11,4.99
2006-07-01,14188.0,4.7,51155.0,6.76,-0.131,5.22,10.126,298996.0,202.9,15304.517,1444.791,5.85,4.95,61.3328,75.9610066857322,2449400.0,99.6654276408274,5.09,5.24
2006-08-01,14159.0,4.7,51155.0,6.59,-0.286,5.08,10.126,299263.0,203.8,15304.517,1444.791,5.68,4.96,61.3328,77.6876741734619,2466250.0,99.7665449187937,4.88,5.25
2006-09-01,14125.0,4.5,51155.0,6.43,-0.305,4.97,10.126,299554.0,202.8,15304.517,1444.791,5.51,4.81,61.3328,78.5390197724781,2446200.0,100.090967278401,4.72,5.25
2006-10-01,14075.0,4.4,51455.0,6.42,-0.379,5.01,10.254,299835.0,201.9,15433.643,1398.202,5.51,4.92,61.82689,81.0230945054492,2446250.0,100.523064164824,4.73,5.25
2006-11-01,14041.0,4.5,51455.0,6.2,-0.457,5.01,10.254,300094.0,202.0,15433.643,1398.202,5.33,4.94,61.82689,82.9852166505966,2476000.0,100.760762840379,4.6,5.25
2006-12-01,14015.0,4.4,51455.0,6.22,-0.429,4.94,10.254,300340.0,203.1,15433.643,1398.202,5.32,4.85,61.82689,85.1180762024554,2481200.0,100.879526940244,4.56,5.24
2007-01-01,14008.0,4.6,51492.0,6.34,-0.482,5.06,10.399,300574.0,203.437,15478.956,1325.943,5.4,4.98,62.25297,85.5371929852494,2524250.0,100.912448874563,4.76,5.25
2007-02-01,13997.0,4.5,51492.0,6.28,-0.556,5.05,10.399,300802.0,204.226,15478.956,1325.943,5.39,5.03,62.25297,87.572929832358,2569250.0,100.68289668262,4.72,5.26
2007-03-01,13970.0,4.4,51492.0,6.27,-0.449,4.92,10.399,301021.0,205.288,15478.956,1325.943,5.3,4.94,62.25297,85.420870517265,2519000.0,100.403249695983,4.56,5.26
2007-04-01,13945.0,4.5,51705.0,6.39,-0.448,4.93,10.469,301254.0,205.904,15577.779,1400.804,5.47,4.87,61.57219,89.4411136237305,2496000.0,100.224204087025,4.69,5.25
2007-05-01,13929.0,4.4,51705.0,6.39,-0.403,4.91,10.469,301483.0,206.755,15577.779,1400.804,5.47,4.73,61.57219,92.0211871728723,2447750.0,100.162149272363,4.75,5.25
2007-06-01,13911.0,4.6,51705.0,6.7,-0.166,4.96,10.469,301739.0,207.234,15577.779,1400.804,5.79,4.61,61.57219,92.6925232843958,2482000.0,100.120299122455,5.1,5.25
2007-07-01,13889.0,4.7,51882.0,6.65,-0.141,4.96,10.595,302004.0,207.603,15671.605,1345.84,5.73,4.82,61.84826,93.5409655045815,2542250.0,100.096513914135,5.0,5.26
2007-08-01,13828.0,4.6,51882.0,6.65,0.621,4.47,10.595,302267.0,207.667,15671.605,1345.84,5.79,4.2,61.84826,88.4166891834622,2553000.0,99.8607326358312,4.67,5.02
2007-09-01,13790.0,4.7,51882.0,6.59,0.861,4.14,10.595,302546.0,208.547,15671.605,1345.84,5.74,3.89,61.84826,91.4896815321224,2537200.0,99.5982685318596,4.52,4.94
2007-10-01,13764.0,4.7,52066.0,6.48,0.484,4.1,10.703,302807.0,209.19,15767.146,1368.063,5.66,3.9,62.71924,95.1495310340758,2561750.0,99.2952820764529,4.53,4.76
2007-11-01,13757.0,4.7,52066.0,6.4,0.853,3.5,10.703,303054.0,210.834,15767.146,1368.063,5.44,3.27,62.71924,91.0900454847074,2616750.0,99.0012450777331,4.15,4.49
2007-12-01,13746.0,5.0,52066.0,6.65,1.288,3.26,10.703,303287.0,211.445,15767.146,1368.063,5.49,3.0,62.71924,91.88257424806,2712000.0,98.8282455958782,4.1,4.24
2008-01-01,13725.0,5.0,51740.0,6.54,0.86,2.71,10.639,303506.0,212.174,15702.906,1260.771,5.33,2.75,64.17278,85.9213755646954,2798750.0,98.6619563903416,3.74,3.94
2008-02-01,13696.0,4.9,51740.0,6.82,0.841,2.05,10.639,303711.0,212.687,15702.906,1260.771,5.53,2.12,64.17278,84.648946377871,2844250.0,98.2617508327689,3.74,2.98
2008-03-01,13659.0,5.1,51740.0,6.89,1.352,1.54,10.639,303907.0,213.448,15702.906,1260.771,5.51,1.26,64.17278,82.1694608565998,2912800.0,97.7792626957332,3.51,2.61
2008-04-01,13599.0,5.0,51923.0,6.97,1.246,1.74,10.645,304117.0,213.942,15792.773,1285.329,5.55,1.29,63.85172,85.9222184811301,2964000.0,97.2353998370987,3.68,2.28
2008-05-01,13564.0,5.4,51923.0,6.93,0.827,2.06,10.645,304323.0,215.208,15792.773,1285.329,5.57,1.73,63.85172,88.2616862168646,3013600.0,96.8449179376907,3.88,1.98
2008-06-01,13504.0,5.6,51923.0,7.07,0.977,2.42,10.645,304556.0,217.463,15792.773,1285.329,5.68,1.86,63.85172,84.2632652803189,3057750.0,96.722122317149,4.1,2.0
2008-07-01,13430.0,5.8,51523.0,7.16,1.238,2.28,10.418,304798.0,219.016,15709.562,1226.043,5.67,1.63,67.28455,78.9506439647417,3176250.0,96.9312265116263,4.01,2.01
2008-08-01,13358.0,6.1,51523.0,7.15,1.163,2.18,10.418,305045.0,218.69,15709.562,1226.043,5.64,1.72,67.28455,78.3181756665947,3378000.0,97.1961410036843,3.89,2.0
2008-09-01,13275.0,6.1,51523.0,7.31,1.935,1.91,10.418,305309.0,218.877,15709.562,1226.043,5.65,1.13,67.28455,74.0719372982561,3521750.0,97.2744375793165,3.69,1.81
2008-10-01,13147.0,6.5,50281.0,8.88,4.629,1.42,9.548,305554.0,216.995,15366.607,721.414,6.28,0.67,73.24516,57.4156275770414,3731000.0,96.9110855427034,3.81,0.97
2008-11-01,13034.0,6.8,50281.0,9.21,4.088,1.07,9.548,305786.0,213.153,15366.607,721.414,6.12,0.19,73.24516,51.779607322696,4096600.0,96.6469052293204,3.53,0.39
2008-12-01,12850.0,7.3,50281.0,8.43,3.879,0.49,9.548,306004.0,211.398,15366.607,721.414,5.05,0.03,73.24516,51.7366185845279,4522250.0,96.6392178333725,2.42,0.16
2009-01-01,12561.0,7.8,49594.0,8.14,2.891,0.44,9.155,306208.0,211.933,15187.475,1082.708,5.05,0.13,77.10496,51.378472757175,4861200.0,96.6466387069166,2.52,0.15
2009-02-01,12380.0,8.3,49594.0,8.08,2.754,0.62,9.155,306402.0,212.705,15187.475,1082.708,5.27,0.3,77.10496,47.3830488568414,5297000.0,96.6198333073099,2.87,0.22
2009-03-01,12208.0,8.7,49594.0,8.42,2.903,0.64,9.155,306588.0,212.495,15187.475,1082.708,5.5,0.21,77.10496,44.3909764859095,5765750.0,96.827716200051,2.82,0.18
2009-04-01,12030.0,9.0,49408.0,8.39,2.339,0.55,8.827,306787.0,212.709,15161.772,1161.627,5.39,0.16,80.28013,50.0141656789715,6184500.0,97.2890406453969,2.93,0.15
2009-05-01,11862.0,9.4,49408.0,8.06,1.735,0.5,8.827,306984.0,213.022,15161.772,1161.627,5.54,0.18,80.28013,54.5226447158739,6525600.0,97.6859883205179,3.29,0.18
2009-06-01,11726.0,9.5,49408.0,7.5,1.409,0.51,8.827,307206.0,214.79,15161.772,1161.627,5.61,0.18,80.28013,56.0599369779479,6534250.0,97.8503312703397,3.72,0.21
2009-07-01,11668.0,9.5,49473.0,7.09,1.016,0.48,8.691,307439.0,214.726,15216.647,1346.957,5.41,0.18,82.42733,56.3407218080745,6139000.0,97.8037856460484,3.56,0.16
2009-08-01,11626.0,9.6,49473.0,6.58,0.638,0.46,8.691,307685.0,215.445,15216.647,1346.957,5.26,0.17,82.42733,61.6001457308858,6047800.0,97.84876124655,3.59,0.16
2009-09-01,11591.0,9.8,49473.0,6.31,0.332,0.4,8.691,307946.0,215.861,15216.647,1346.957,5.13,0.12,82.42733,63.9741730404417,5984750.0,98.031838591261,3.4,0.15
2009-10-01,11538.0,10.0,49886.0,6.29,0.11,0.37,8.698,308189.0,216.509,15379.155,1462.942,5.15,0.07,84.02935,65.4323248150384,5765600.0,98.0623515351381,3.39,0.12
2009-11-01,11509.0,9.9,49886.0,6.32,-0.018,0.31,8.698,308418.0,217.234,15379.155,1462.942,5.19,0.05,84.02935,66.3718020101684,5460500.0,98.076796320156,3.4,0.12
2009-12-01,11475.0,9.9,49886.0,6.37,-0.109,0.37,8.698,308633.0,217.347,15379.155,1462.942,5.26,0.05,84.02935,67.1647054030475,5141750.0,98.2560480482316,3.59,0.12
2010-01-01,11460.0,9.8,50036.0,6.25,-0.218,0.35,8.708,308833.0,217.488,15456.059,1530.604,5.26,0.06,86.51175,67.9826153168218,4839000.0,98.4222035285391,3.73,0.11
2010-02-01,11453.0,9.8,50036.0,6.34,-0.212,0.35,8.708,309027.0,217.281,15456.059,1530.604,5.35,0.11,86.51175,65.1309353609532,4793750.0,98.4788398854038,3.69,0.13
2010-03-01,11453.0,9.9,50036.0,6.27,-0.383,0.4,8.708,309212.0,217.353,15456.059,1530.604,5.27,0.15,86.51175,68.8368642946686,4731750.0,98.4756570462973,3.73,0.16
2010-04-01,11489.0,9.9,50424.0,6.25,-0.401,0.45,8.742,309191.211,217.403,15605.628,1517.068,5.29,0.16,88.12832,71.2205383145324,4728000.0,98.4546632930554,3.85,0.2
2010-05-01,11525.0,9.6,50424.0,6.05,-0.023,0.37,8.742,309367.58,217.29,15605.628,1517.068,4.96,0.16,88.12832,65.5570764473694,4674800.0,98.4533581009853,3.42,0.2
2010-06-01,11545.0,9.4,50424.0,6.23,0.08,0.32,8.742,309545.555,217.199,15605.628,1517.068,4.88,0.12,88.12832,63.3849744526077,4583250.0,98.3556642312526,3.2,0.18
2010-07-01,11561.0,9.4,50706.0,6.01,-0.164,0.29,8.671,309741.279,217.605,15726.282,1600.154,4.72,0.16,89.56529,63.6621066448507,4528600.0,98.0632945838059,3.01,0.18
2010-08-01,11553.0,9.5,50706.0,5.66,-0.362,0.26,8.671,309951.795,217.923,15726.282,1600.154,4.49,0.16,89.56529,64.8323556283169,4461250.0,97.8849803428599,2.7,0.19
2010-09-01,11563.0,9.5,50706.0,5.66,-0.417,0.26,8.671,310168.926,218.275,15726.282,1600.154,4.53,0.15,89.56529,66.9184801467424,4467750.0,97.832765182195,2.65,0.19
2010-10-01,11562.0,9.4,50859.0,5.72,-0.583,0.23,8.434,310390.859,219.035,15807.995,1599.159,4.68,0.13,91.61136,70.0758577962512,4363400.0,97.9339393824892,2.54,0.19
2010-11-01,11585.0,9.8,50859.0,5.92,-0.556,0.25,8.434,310585.106,219.59,15807.995,1599.159,4.87,0.14,91.61136,71.2458258075724,4195500.0,98.1982241615554,2.76,0.19
2010-12-01,11595.0,9.3,50859.0,6.1,-0.453,0.29,8.434,310769.486,220.472,15807.995,1599.159,5.02,0.14,91.61136,73.4390943705826,4100000.0,98.4558611665998,3.29,0.18
2011-01-01,11621.0,9.1,50646.0,6.09,-0.554,0.27,8.205,310946.962,221.187,15769.911,1464.223,5.04,0.15,92.95617,75.8366296829276,3918400.0,98.5670708932491,3.39,0.17
2011-02-01,11654.0,9.0,50646.0,6.15,-0.55,0.29,8.205,311098.039,221.898,15769.911,1464.223,5.22,0.13,92.95617,78.3819563434847,3849250.0,98.5166862637053,3.58,0.16
2011-03-01,11675.0,9.0,50646.0,6.03,-0.536,0.26,8.205,311248.506,223.046,15769.911,1464.223,5.13,0.1,92.95617,77.4994228363857,3765500.0,98.2665011156271,3.41,0.14
2011-04-01,11704.0,9.1,50897.0,6.02,-0.649,0.25,8.044,311417.782,224.093,15876.839,1529.084,5.16,0.06,92.19383,79.3437239954426,3770800.0,98.2065144608306,3.46,0.1
2011-05-01,11713.0,9.0,50897.0,5.78,-0.72,0.19,8.044,311587.063,224.806,15876.839,1529.084,4.96,0.04,92.19383,78.7945171095646,3773750.0,98.1903894844078,3.17,0.09
2011-06-01,11727.0,9.1,50897.0,5.75,-0.668,0.18,8.044,311769.648,224.806,15876.839,1529.084,4.99,0.04,92.19383,75.9440546996571,3741750.0,97.8748272137837,3.0,0.09
2011-07-01,11746.0,9.0,50769.0,5.76,-0.624,0.19,7.533,311973.914,225.395,15870.684,1539.465,4.93,0.04,94.52097,77.6740938531256,3721600.0,97.282318262171,3.0,0.07
2011-08-01,11764.0,9.0,50769.0,5.36,-0.3,0.11,7.533,312180.558,226.106,15870.684,1539.465,4.37,0.02,94.52097,68.7667149158278,3716000.0,96.7765817774853,2.3,0.1
2011-09-01,11769.0,9.0,50769.0,5.27,-0.192,0.1,7.533,312402.633,226.597,15870.684,1539.465,4.09,0.01,94.52097,66.5573372831773,3742750.0,96.7075879977698,1.98,0.08
2011-10-01,11780.0,8.8,51232.0,5.37,-0.117,0.11,7.339,312616.001,226.75,16048.702,1617.095,3.98,0.02,96.09067,67.948898659435,3701600.0,96.9455138167125,2.15,0.07
2011-11-01,11770.0,8.6,51232.0,5.14,-0.191,0.11,7.339,312799.689,227.169,16048.702,1617.095,3.87,0.01,96.09067,68.6442110606558,3652500.0,97.3991852384774,2.01,0.08
2011-12-01,11802.0,8.5,51232.0,5.25,-0.275,0.12,7.339,312978.205,227.223,16048.702,1617.095,3.93,0.01,96.09067,69.3681826206553,3573400.0,97.9603604811057,1.98,0.07
2012-01-01,11838.0,8.3,51559.0,5.23,-0.46,0.12,7.264,313149.997,227.842,16179.968,1880.022,3.85,0.03,97.12296,72.3130516712457,3451250.0,98.4387709224176,1.97,0.08
2012-02-01,11860.0,8.3,51559.0,5.14,-0.667,0.16,7.264,313304.12,228.329,16179.968,1880.022,3.85,0.09,97.12296,75.6141934015565,3381750.0,98.705487023781,1.97,0.1
2012-03-01,11898.0,8.2,51559.0,5.23,-0.728,0.19,7.264,313462.838,228.807,16179.968,1880.022,3.99,0.08,97.12296,76.4875484852558,3336800.0,98.8340182247688,2.17,0.13
2012-04-01,11916.0,8.2,51702.0,5.19,-0.747,0.18,7.183,313628.923,229.187,16253.726,1801.743,3.96,0.08,97.82754,75.3468952343846,3323000.0,98.8700386262642,2.05,0.14
2012-05-01,11927.0,8.2,51702.0,5.07,-0.781,0.19,7.183,313790.652,228.713,16253.726,1801.743,3.8,0.09,97.82754,72.1718163397478,3328000.0,98.8121811428798,1.8,0.16
2012-06-01,11936.0,8.2,51702.0,5.02,-0.674,0.19,7.183,313976.041,228.524,16253.726,1801.743,3.64,0.09,97.82754,70.7619917740722,3324400.0,98.6003116244408,1.62,0.16
2012-07-01,11964.0,8.2,51684.0,4.87,-0.874,0.19,6.939,314167.558,228.59,16282.151,1818.331,3.4,0.1,98.44787,72.7995081114316,3305750.0,98.5256569225679,1.53,0.16
2012-08-01,11960.0,8.1,51684.0,4.91,-0.946,0.18,6.939,314377.381,229.918,16282.151,1818.331,3.48,0.1,98.44787,75.0352034683201,3306250.0,98.701691458251,1.68,0.13
2012-09-01,11954.0,7.8,51684.0,4.84,-1.076,0.18,6.939,314600.057,231.015,16282.151,1818.331,3.49,0.11,98.44787,77.4222491539226,3314400.0,99.0294665703158,1.72,0.14
2012-10-01,11961.0,7.8,51634.0,4.58,-1.136,0.18,6.728,314805.556,231.638,16300.035,1785.961,3.47,0.1,100.07517,77.609189287656,3276250.0,99.2645212095324,1.75,0.16
2012-11-01,11950.0,7.7,51634.0,4.51,-1.15,0.18,6.728,315003.708,231.249,16300.035,1785.961,3.5,0.09,100.07517,76.134928443419,3326250.0,99.1749972861344,1.65,0.16
2012-12-01,11960.0,7.9,51634.0,4.63,-1.194,0.16,6.728,315180.866,231.221,16300.035,1785.961,3.65,0.07,100.07517,78.3935698588068,3190200.0,98.8289172746552,1.72,0.16
2013-01-01,11983.0,8.0,51998.0,4.73,-1.25,0.15,6.72,315335.976,231.679,16441.485,1766.372,3.8,0.07,100.85592,81.9272628677047,3132750.0,98.6958553988152,1.91,0.14
2013-02-01,11996.0,7.7,51998.0,4.85,-1.234,0.16,6.72,315464.793,232.937,16441.485,1766.372,3.9,0.1,100.85592,83.3436434500944,3058750.0,98.8025860170209,1.98,0.15
2013-03-01,11999.0,7.5,51998.0,4.85,-1.287,0.15,6.72,315605.141,232.282,16441.485,1766.372,3.93,0.09,100.85592,84.6809772023884,3037800.0,98.9754708516112,1.96,0.14
2013-04-01,12000.0,7.6,51982.0,4.59,-1.333,0.12,6.624,315759.039,231.797,16464.402,1757.557,3.73,0.06,100.23216,85.1552581829625,3041500.0,99.1953243072562,1.76,0.15
2013-05-01,12000.0,7.5,51982.0,4.73,-1.306,0.12,6.624,315923.105,231.893,16464.402,1757.557,3.89,0.04,100.23216,88.4165955260805,3012250.0,99.5460012512631,1.93,0.11
2013-06-01,12004.0,7.5,51982.0,5.19,-0.93,0.14,6.624,316108.76,232.445,16464.402,1757.557,4.27,0.05,100.23216,86.20319062602,2992800.0,99.72730380516,2.3,0.09
2013-07-01,11984.0,7.3,52284.0,5.32,-0.92,0.12,6.601,316294.766,232.9,16594.743,1792.757,4.34,0.04,98.97766,88.4996696235863,3020250.0,99.6882325813462,2.58,0.09
2013-08-01,12014.0,7.2,52284.0,5.42,-0.932,0.13,6.601,316514.531,233.456,16594.743,1792.757,4.54,0.04,98.97766,88.9430436682224,2934400.0,99.397095083237,2.74,0.08
2013-09-01,12032.0,7.2,52284.0,5.47,-0.889,0.12,6.601,316738.543,233.544,16594.743,1792.757,4.64,0.02,98.97766,90.1150721419396,2895750.0,99.0020495439735,2.81,0.08
2013-10-01,12056.0,7.2,52544.0,5.31,-1.027,0.12,6.488,316952.905,233.669,16712.76,1838.838,4.53,0.05,100.13427,92.1681356046497,2928500.0,98.7578245798437,2.62,0.09
2013-11-01,12079.0,6.9,52544.0,5.38,-1.14,0.12,6.488,317156.876,234.1,16712.76,1838.838,4.63,0.07,100.13427,94.6492133014086,2851200.0,98.861990701025,2.72,0.08
2013-12-01,12083.0,6.7,52544.0,5.38,-1.102,0.13,6.488,317338.617,234.719,16712.76,1838.838,4.62,0.07,100.13427,95.0910888279387,2858500.0,99.1768530316609,2.9,0.09
2014-01-01,12081.0,6.6,52266.0,5.19,-1.148,0.12,6.291,317519.206,235.288,16654.247,1767.596,4.49,0.04,102.6653,95.9823324715293,2876750.0,99.3560831569823,2.86,0.07
2014-02-01,12106.0,6.7,52266.0,5.1,-1.181,0.12,6.291,317677.384,235.547,16654.247,1767.596,4.45,0.05,102.6653,95.3644747249166,2848750.0,99.4287541429018,2.71,0.07
2014-03-01,12120.0,6.7,52266.0,5.06,-1.223,0.13,6.291,317838.92,236.028,16654.247,1767.596,4.38,0.05,102.6653,97.5370450065864,2779200.0,99.4621960113273,2.72,0.08
2014-04-01,12134.0,6.2,52840.0,4.9,-1.261,0.11,6.243,318009.154,236.468,16868.109,1865.14,4.24,0.03,100.97295,98.4552619760864,2721000.0,99.5379138002009,2.71,0.09
2014-05-01,12146.0,6.3,52840.0,4.76,-1.337,0.1,6.243,318187.658,236.918,16868.109,1865.14,4.16,0.03,100.97295,99.7269419038579,2667400.0,99.52378951124,2.56,0.09
2014-06-01,12170.0,6.1,52840.0,4.8,-1.379,0.1,6.243,318380.521,237.231,16868.109,1865.14,4.25,0.04,100.97295,102.133842954366,2588750.0,99.4964020421373,2.6,0.1
2014-07-01,12189.0,6.2,53340.0,4.73,-1.377,0.11,6.253,318576.955,237.498,17064.616,1917.769,4.16,0.03,100.45563,102.877388907126,2533500.0,99.4879117227502,2.54,0.09
2014-08-01,12208.0,6.1,53340.0,4.69,-1.316,0.11,6.253,318806.531,237.46,17064.616,1917.769,4.08,0.03,100.45563,101.528347982128,2504800.0,99.5863313531414,2.42,0.09
2014-09-01,12226.0,5.9,53340.0,4.8,-1.249,0.11,6.253,319036.2,237.477,17064.616,1917.769,4.11,0.02,100.45563,102.387935430728,2447750.0,99.7982493850906,2.53,0.09
2014-10-01,12259.0,5.7,53464.0,4.69,-1.13,0.1,6.156,319262.799,237.43,17141.235,1879.109,3.92,0.02,101.61828,98.0721096278383,2423250.0,100.096177429579,2.3,0.09
2014-11-01,12284.0,5.8,53464.0,4.79,-1.21,0.13,6.156,319471.435,236.983,17141.235,1879.109,3.92,0.02,101.61828,102.260186762185,2408800.0,100.46172471612,2.33,0.09
2014-12-01,12292.0,5.6,53464.0,4.74,-1.089,0.21,6.156,319651.541,236.252,17141.235,1879.109,3.79,0.03,101.61828,101.376529366506,2380000.0,100.867057062534,2.21,0.12
2015-01-01,12292.0,5.7,53806.0,4.45,-1.04,0.2,6.034,319832.19,234.747,17280.647,1770.989,3.46,0.03,100.89325,100.079093658786,2349800.0,101.140147556709,1.88,0.11
2015-02-01,12301.0,5.5,53806.0,4.51,-1.074,0.22,6.034,319976.213,235.342,17280.647,1770.989,3.61,0.02,100.89325,102.775583333294,2340250.0,101.142512761686,1.98,0.11
2015-03-01,12312.0,5.4,53806.0,4.54,-1.111,0.25,6.034,320130.646,235.976,17280.647,1770.989,3.64,0.03,100.89325,102.253724402852,2326500.0,101.042748988516,2.04,0.11
2015-04-01,12318.0,5.4,54021.0,4.48,-1.207,0.23,6.063,320300.314,236.222,17380.875,1789.321,3.52,0.02,99.77075,103.848803269392,2281500.0,100.986191031063,1.94,0.12
2015-05-01,12333.0,5.6,54021.0,4.89,-1.121,0.24,6.063,320480.147,237.001,17380.875,1789.321,3.98,0.02,99.77075,104.406813949143,2260400.0,100.903141663428,2.2,0.12
2015-06-01,12334.0,5.3,54021.0,5.13,-1.014,0.28,6.063,320667.889,237.657,17380.875,1789.321,4.19,0.02,99.77075,103.163231235861,2273750.0,100.917700180594,2.36,0.13
2015-07-01,12349.0,5.2,54081.0,5.2,-0.979,0.3,6.024,320870.703,238.034,17437.08,1732.347,4.15,0.03,99.146,101.693840575468,2244750.0,100.799154168607,2.32,0.13
2015-08-01,12345.0,5.1,54081.0,5.19,-0.86,0.38,6.024,321093.062,238.033,17437.08,1732.347,4.04,0.07,99.146,98.640141647424,2254000.0,100.603373107846,2.17,0.14
2015-09-01,12354.0,5.0,54081.0,5.34,-0.718,0.37,6.024,321316.348,237.498,17437.08,1732.347,4.07,0.02,99.146,93.2241225825274,2243000.0,100.426936540323,2.17,0.14
2015-10-01,12362.0,5.0,54045.0,5.34,-0.793,0.26,5.98,321539.88,237.733,17462.579,1635.297,3.95,0.02,103.21895,96.7003099591045,2207600.0,100.457147992568,2.07,0.12
2015-11-01,12357.0,5.1,54045.0,5.46,-0.838,0.48,5.98,321741.248,238.017,17462.579,1635.297,4.06,0.12,103.21895,97.660672750338,2208500.0,100.577550253145,2.26,0.12
2015-12-01,12362.0,5.0,54045.0,5.46,-0.667,0.65,5.98,321926.178,237.761,17462.579,1635.297,3.97,0.23,103.21895,95.553662635809,2203750.0,100.677837242107,2.24,0.24
2016-01-01,12383.0,4.8,54267.0,5.45,-0.486,0.54,5.893,322114.094,237.652,17565.465,1696.75,4.0,0.26,104.55696,89.2078130860903,2207600.0,100.691366149794,2.09,0.34
2016-02-01,12365.0,4.9,54267.0,5.34,-0.441,0.53,5.893,322277.451,237.336,17565.465,1696.75,3.96,0.31,104.55696,88.2409879355244,2200500.0,100.652784847227,1.78,0.38
2016-03-01,12342.0,5.0,54267.0,5.13,-0.691,0.66,5.893,322428.943,238.08,17565.465,1696.75,3.82,0.29,104.55696,94.195068657885,2167250.0,100.611619409489,1.89,0.36
2016-04-01,12353.0,5.1,54334.0,4.79,-0.814,0.56,5.767,322596.809,238.992,17618.581,1758.389,3.62,0.23,104.13706,96.8375180231924,2149000.0,100.634413633821,1.81,0.37
2016-05-01,12332.0,4.8,54334.0,4.68,-0.896,0.59,5.767,322773.714,239.557,17618.581,1758.389,3.65,0.27,104.13706,96.8365814493761,2169750.0,100.760863646933,1.81,0.37
2016-06-01,12350.0,4.9,54334.0,4.53,-0.888,0.55,5.767,322960.309,240.222,17618.581,1758.389,3.5,0.27,104.13706,97.5245885748296,2156750.0,100.73807845088,1.64,0.38
2016-07-01,12372.0,4.8,54549.0,4.22,-1.007,0.51,5.694,323161.011,240.101,17724.489,1753.676,3.28,0.3,104.25015,99.9992039122561,2134600.0,100.586523814859,1.5,0.39
2016-08-01,12348.0,4.9,54549.0,4.24,-1.017,0.57,5.694,323369.427,240.545,17724.489,1753.676,3.32,0.3,104.25015,101.047979271748,2145000.0,100.47704033338,1.56,0.4
2016-09-01,12347.0,5.0,54549.0,4.31,-0.988,0.59,5.694,323576.012,241.176,17724.489,1753.676,3.41,0.29,104.25015,100.230163015356,2109500.0,100.457243910162,1.63,0.4
2016-10-01,12345.0,4.9,54714.0,4.38,-1.038,0.66,5.674,323783.987,241.741,17812.56,1823.484,3.51,0.33,105.31835,99.0518594970692,2072600.0,100.536714716624,1.76,0.4
2016-11-01,12342.0,4.7,54714.0,4.71,-0.938,0.74,5.674,323968.882,242.026,17812.56,1823.484,3.86,0.45,105.31835,99.854222285493,2044750.0,100.876855275961,2.14,0.41
2016-12-01,12355.0,4.7,54714.0,4.83,-0.966,0.87,5.674,324135.365,242.637,17812.56,1823.484,4.06,0.51,105.31835,103.843652113402,2048400.0,101.225529197094,2.49,0.54
2017-01-01,12366.0,4.7,54866.0,4.66,-1.024,0.83,5.607,324296.746,243.618,17889.094,1932.265,3.92,0.51,103.64643,105.023547807176,2081000.0,101.378639873655,2.43,0.65
2017-02-01,12380.0,4.6,54866.0,4.64,-1.084,0.82,5.607,324427.384,244.006,17889.094,1932.265,3.95,0.52,103.64643,106.974431066528,2059750.0,101.365936068387,2.42,0.66
2017-03-01,12393.0,4.4,54866.0,4.68,-1.168,1.01,5.607,324559.999,243.892,17889.094,1932.265,4.01,0.74,103.64643,107.7979604232,2017500.0,101.33434302106,2.48,0.79
2017-04-01,12400.0,4.4,55057.0,4.57,-1.193,1.04,5.52,324704.641,244.193,17979.218,1912.702,3.87,0.8,102.79752,107.274322002507,1955400.0,101.293426500961,2.3,0.9
2017-05-01,12409.0,4.4,55057.0,4.55,-1.33,1.12,5.52,324861.316,244.004,17979.218,1912.702,3.85,0.89,102.79752,108.387908270087,1896250.0,101.219869423163,2.3,0.91
2017-06-01,12422.0,4.3,55057.0,4.37,-1.399,1.2,5.52,325027.016,244.163,17979.218,1912.702,3.68,0.98,102.79752,109.926137105978,1916750.0,101.110535630112,2.19,1.04
2017-07-01,12423.0,4.3,55413.0,4.39,-1.401,1.22,5.481,325206.03,244.243,18127.994,1964.901,3.7,1.07,103.4915,111.184705000321,1927200.0,101.068174230913,2.32,1.15
2017-08-01,12467.0,4.4,55413.0,4.31,-1.373,1.23,5.481,325386.457,245.183,18127.994,1964.901,3.63,1.01,103.4915,110.952622008642,1923500.0,101.167808164593,2.21,1.16
2017-09-01,12477.0,4.3,55413.0,4.3,-1.395,1.28,5.481,325565.293,246.435,18127.994,1964.901,3.63,1.03,103.4915,112.86192139055,1892800.0,101.292592153973,2.2,1.15
2017-10-01,12490.0,4.2,55877.0,4.32,-1.421,1.4,5.502,325741.643,246.626,18310.3,1779.136,3.6,1.07,103.0058,115.632306739164,1902750.0,101.447185662636,2.36,1.15
2017-11-01,12505.0,4.2,55877.0,4.27,-1.47,1.56,5.502,325898.856,247.284,18310.3,1779.136,3.57,1.23,103.0058,115.948587716928,1963500.0,101.426465460224,2.35,1.16
2017-12-01,12533.0,4.1,55877.0,4.22,-1.409,1.7,5.502,326036.736,247.805,18310.3,1779.136,3.51,1.32,103.0058,119.044807096232,1971000.0,101.34117875719,2.4,1.3
2018-01-01,12556.0,4.0,56195.0,4.26,-1.377,1.8,5.528,326163.263,248.743,18437.127,1927.686,3.55,1.41,104.63475,124.243166406221,1961500.0,101.371423654443,2.58,1.41
2018-02-01,12582.0,4.1,56195.0,4.51,-1.092,1.96,5.528,326268.894,249.439,18437.127,1927.686,3.82,1.57,104.63475,119.489117714685,1919000.0,101.536107047648,2.86,1.42
2018-03-01,12608.0,4.0,56195.0,4.64,-0.955,2.06,5.528,326377.173,249.581,18437.127,1927.686,3.87,1.7,104.63475,118.081728240932,1855800.0,101.638405207,2.84,1.51
2018-04-01,12632.0,4.0,56512.0,4.67,-0.906,2.15,5.604,326496.848,250.146,18565.697,1958.009,3.85,1.76,103.54111,117.40130736339,1787250.0,101.586970843596,2.87,1.69
2018-05-01,12661.0,3.8,56512.0,4.83,-1.022,2.27,5.604,326628.822,250.779,18565.697,1958.009,4.0,1.86,103.54111,118.303508920631,1688750.0,101.500138395411,2.98,1.7
2018-06-01,12693.0,4.0,56512.0,4.83,-1.038,2.33,5.604,326769.726,251.118,18565.697,1958.009,3.96,1.9,103.54111,118.59993453349,1680800.0,101.441529591971,2.91,1.82
2018-07-01,12714.0,3.8,56831.0,4.79,-1.102,2.39,5.605,326923.976,251.323,18699.748,1972.299,3.87,1.96,104.00623,119.529577703549,1709250.0,101.409707810617,2.89,1.91
2018-08-01,12724.0,3.8,56831.0,4.77,-1.192,2.45,5.605,327086.833,251.749,18699.748,1972.299,3.88,2.03,104.00623,121.281532684319,1689250.0,101.421081402933,2.89,1.91
2018-09-01,12743.0,3.7,56831.0,4.88,-1.221,2.56,5.605,327248.127,252.239,18699.748,1972.299,3.98,2.13,104.00623,122.261188896168,1616600.0,101.505283691624,3.0,1.95
2018-10-01,12762.0,3.8,56851.0,5.07,-1.059,2.65,5.578,327407.004,252.862,18733.741,1982.179,4.14,2.25,105.54691,117.418446664228,1631250.0,101.48729593288,3.15,2.19
2018-11-01,12774.0,3.8,56851.0,5.22,-0.863,2.7,5.578,327546.8,252.657,18733.741,1982.179,4.22,2.33,105.54691,115.529377276752,1725750.0,101.376988225778,3.12,2.2
2018-12-01,12793.0,3.9,56851.0,5.13,-0.646,2.66,5.578,327667.595,252.551,18733.741,1982.179,4.02,2.37,105.54691,108.75523252084,1775800.0,101.204898348681,2.83,2.27
2019-01-01,12822.0,4.0,57100.0,5.12,-0.795,2.58,5.603,327776.541,252.47,18835.411,1964.614,3.93,2.37,104.82935,111.166160838758,1785250.0,100.998919589958,2.71,2.4
2019-02-01,12821.0,3.8,57100.0,4.95,-1.055,2.55,5.603,327871.957,253.135,18835.411,1964.614,3.79,2.39,104.82935,117.223451995675,1806250.0,101.053568716995,2.68,2.4
2019-03-01,12819.0,3.8,57100.0,4.84,-1.198,2.49,5.603,327970.02,254.273,18835.411,1964.614,3.77,2.4,104.82935,118.282997954054,1760200.0,101.273509169158,2.57,2.41
2019-04-01,12824.0,3.6,57418.0,4.7,-1.275,2.42,5.607,328079.473,255.163,18962.175,2007.327,3.69,2.38,103.52961,121.037836177318,1643250.0,101.434730729487,2.53,2.42
2019-05-01,12821.0,3.7,57418.0,4.63,-1.231,2.34,5.607,328201.245,255.325,18962.175,2007.327,3.67,2.35,103.52961,118.64245498475,1609750.0,101.523383101048,2.4,2.39
2019-06-01,12829.0,3.6,57418.0,4.46,-1.21,2.0,5.607,328331.949,255.361,18962.175,2007.327,3.42,2.17,103.52961,120.173472202255,1627800.0,101.428787208737,2.07,2.38
2019-07-01,12832.0,3.7,57845.0,4.28,-1.338,1.96,5.561,328475.998,255.9,19130.932,1985.362,3.29,2.1,105.51538,123.43003301891,1641500.0,101.194906149424,2.06,2.4
2019-08-01,12827.0,3.7,57845.0,3.87,-1.243,1.77,5.561,328646.02,256.179,19130.932,1985.362,2.98,1.95,105.51538,118.284028185252,1643800.0,100.896290377448,1.63,2.13
2019-09-01,12820.0,3.5,57845.0,3.91,-1.282,1.8,5.561,328814.479,256.596,19130.932,1985.362,3.03,1.89,105.51538,121.758904358487,1584500.0,100.896253286916,1.7,2.04
2019-10-01,12764.0,3.6,58017.0,3.92,-1.204,1.61,5.473,328980.52,257.305,19215.691,2072.258,3.01,1.65,106.88663,121.350932804107,1654750.0,101.100822495568,1.71,1.83
2019-11-01,12812.0,3.6,58017.0,3.94,-1.32,1.57,5.473,329127.484,257.788,19215.691,2072.258,3.06,1.54,106.88663,125.88704076859,1758200.0,101.37178382596,1.81,1.55
2019-12-01,12795.0,3.6,58017.0,3.88,-1.37,1.55,5.473,329255.444,258.263,19215.691,2072.258,3.01,1.54,106.88663,128.520311710498,1851000.0,101.601499111068,1.86,1.55
2020-01-01,12784.0,3.5,57279.0,3.77,-1.491,1.53,5.271,329371.559,258.682,18989.877,1938.608,2.94,1.52,107.827,130.905203276323,1836750.0,101.599859263264,1.76,1.55
2020-02-01,12785.0,3.5,57279.0,3.61,-1.483,1.41,5.271,329474.136,259.007,18989.877,1938.608,2.78,1.52,107.827,128.693577866513,1797800.0,101.168250526447,1.5,1.58
2020-03-01,12717.0,4.4,57279.0,4.29,,0.33,5.271,329579.358,258.165,18989.877,1938.608,3.02,0.29,107.827,100.458031424861,3709750.0,100.161930631294,0.87,0.65
2020-04-01,11423.0,14.7,52393.0,4.13,,0.18,1.568,331696.325,256.094,17378.712,1822.599,2.43,0.14,134.83528,101.804075313647,17032000.0,99.0674046699529,0.66,0.05
2020-05-01,11656.0,13.2,52393.0,3.95,,0.16,1.568,331671.367,255.944,17378.712,1822.599,2.5,0.13,134.83528,105.655547818415,20326400.0,98.5632208739327,0.67,0.05
2020-06-01,11990.0,11.0,52393.0,3.64,,0.18,1.568,331699.141,257.217,17378.712,1822.599,2.44,0.16,134.83528,113.166214223466,17678500.0,98.5130203377459,0.73,0.08
2020-07-01,12025.0,10.2,56479.0,3.31,,0.15,1.261,331757.805,258.543,18743.72,2390.745,2.14,0.13,126.1345,115.094338739081,16563000.0,98.5304571223753,0.62,0.09
2020-08-01,12050.0,8.4,56479.0,3.27,,0.13,1.261,331832.647,259.58,18743.72,2390.745,2.25,0.1,126.1345,120.63801281514,14013400.0,98.7339399578585,0.65,0.1
2020-09-01,12095.0,7.9,56479.0,3.36,,0.13,1.261,331907.154,260.19,18743.72,2390.745,2.31,0.11,126.1345,119.745551625588,11824250.0,99.0489488152401,0.68,0.09
2020-10-01,12122.0,6.9,56993.0,3.44,,0.13,1.233,331993.786,260.352,18924.262,2291.749,2.35,0.1,127.84231,121.471095224738,7871400.0,99.1989082549228,0.79,0.09
2020-11-01,12157.0,6.7,56993.0,3.3,,0.12,1.233,332057.046,260.721,18924.262,2291.749,2.3,0.09,127.84231,128.247956044718,5948250.0,99.1554560431301,0.87,0.09
2020-12-01,12190.0,6.7,56993.0,3.16,,0.1,1.233,332069.17,261.564,18924.262,2291.749,2.26,0.09,127.84231,134.594086566581,5384500.0,99.1585453730779,0.93,0.09
2021-01-01,12184.0,6.3,57882.0,3.24,,0.1,1.215,332024.15,262.2,19216.224,2587.196,2.45,0.08,126.07672,138.83573572322,4944600.0,99.1646812637769,1.08,0.09
2021-02-01,12222.0,6.2,57882.0,3.42,,0.07,1.215,331959.692,263.346,19216.224,2587.196,2.7,0.04,126.07672,142.342923693117,4431750.0,99.3054271666897,1.26,0.08
2021-03-01,12268.0,6.1,57882.0,3.74,,0.08,1.215,331975.37,265.028,19216.224,2587.196,3.04,0.03,126.07672,144.964862091847,3975250.0,99.6747656297087,1.61,0.07
2021-04-01,12240.0,6.1,58842.0,3.6,,0.06,1.202,332038.862,266.727,19544.248,2824.269,2.9,0.02,123.78842,150.286006229152,3788000.0,99.9211126414719,1.64,0.07
2021-05-01,12268.0,5.8,58842.0,3.62,,0.05,1.202,332106.81,268.599,19544.248,2824.269,2.96,0.02,123.78842,153.506602611261,3621600.0,99.8619073490015,1.62,0.06
2021-06-01,12288.0,5.9,58842.0,3.44,,0.07,1.202,332181.181,270.955,19544.248,2824.269,2.79,0.04,123.78842,155.217816631022,3279750.0,99.6502719365866,1.52,0.08
2021-07-01,12350.0,5.4,59169.0,3.24,,0.08,1.196,332281.395,272.184,19672.594,2827.118,2.57,0.05,120.71513,154.784932213129,2997800.0,99.1782647978159,1.32,0.1
2021-08-01,12391.0,5.2,59169.0,3.24,,0.07,1.196,332433.994,273.092,19672.594,2827.118,2.55,0.05,120.71513,156.607785831792,2788750.0,98.604344746722,1.28,0.09
2021-09-01,12413.0,4.8,59169.0,3.23,,0.08,1.196,332544.706,274.214,19672.594,2827.118,2.53,0.04,120.71513,155.120974898417,2681750.0,98.303045912499,1.37,0.08
2021-10-01,12466.0,4.5,60117.0,3.35,,0.11,1.202,332642.317,276.59,20006.181,2760.777,2.68,0.05,121.63566,156.854104745479,2396600.0,98.1148462882307,1.58,0.08
2021-11-01,12514.0,4.2,60117.0,3.28,,0.18,1.202,332741.721,278.524,20006.181,2760.777,2.62,0.05,121.63566,159.942831534253,2086500.0,97.9511481023538,1.56,0.08
2021-12-01,12555.0,3.9,60117.0,3.3,,0.3,1.202,332838.487,280.126,20006.181,2760.777,2.65,0.06,121.63566,157.338219751124,1857250.0,97.8488575665398,1.47,0.08
2022-01-01,12581.0,4.0,59836.0,3.58,,0.55,1.198,332913.239,281.933,19924.088,2833.431,2.93,0.15,122.87943,158.100309865447,1768200.0,97.6117508175202,1.76,0.08
2022-02-01,12631.0,3.8,59836.0,3.97,,1.0,1.198,332923.325,284.182,19924.088,2833.431,3.25,0.33,122.87943,155.27344911571,1658500.0,97.3014768205669,1.93,0.08
2022-03-01,12689.0,3.6,59836.0,4.29,,1.34,1.198,332993.972,287.708,19924.088,2833.431,3.43,0.44,122.87943,152.955709892514,1542750.0,97.061657227866,2.13,0.2
2022-04-01,12750.0,3.6,59688.0,4.66,,1.89,1.226,333117.831,288.663,19895.271,3043.114,3.76,0.76,121.071,153.593891290941,1402600.0,96.8936808699284,2.75,0.33
2022-05-01,12769.0,3.6,59688.0,5.12,,2.06,1.226,333250.655,291.474,19895.271,3043.114,4.13,0.98,121.071,144.418277612655,1318250.0,96.4835164576445,2.9,0.77
2022-06-01,12794.0,3.6,59688.0,5.27,,2.65,1.226,333383.566,295.328,19895.271,3043.114,4.24,1.49,121.071,139.729508116115,1334250.0,96.0742301066189,3.14,1.21
2022-07-01,12831.0,3.5,60080.0,5.21,,3.02,1.259,333537.25,295.271,20054.663,2890.812,4.06,2.23,120.23396,137.487350399894,1386400.0,96.0501359681609,2.9,1.68
2022-08-01,12867.0,3.7,60080.0,5.15,,3.28,1.259,333709.887,295.62,20054.663,2890.812,4.07,2.63,120.23396,144.21860007502,1421250.0,96.3257126151847,2.9,2.33
2022-09-01,12884.0,3.5,60080.0,5.69,,3.89,1.259,333887.159,296.761,20054.663,2890.812,4.59,3.13,120.23396,135.133459427388,1371750.0,96.5519061030109,3.52,2.56
2022-10-01,12918.0,3.7,60422.0,6.26,,4.43,1.313,334064.228,298.062,20198.091,2890.812,5.1,3.72,120.23396,131.97786126813,1434000.0,96.6544198421459,3.98,3.08
2022-11-01,12926.0,3.6,60422.0,6.07,,4.73,1.313,334216.939,298.349,20198.091,2890.812,4.9,4.15,120.23396,142.09089167915,1582000.0,96.6561101564144,3.89,3.78
2022-12-01,12934.0,3.5,60422.0,5.59,,4.68,1.313,334356.155,298.112,20198.091,2890.812,4.43,4.25,120.23396,143.19295808879,1676600.0,96.7202396816986,3.62,4.1
2023-01-01,12934.0,3.5,60422.0,5.59,,4.69,1.313,334483.547,298.112,20198.091,2890.812,4.43,4.25,120.23396,143.19295808879,1676600.0,96.7202396816986,3.53,4.33
